url,page_type,http_status,in_sitemap,indexable,canonical_path,canonical_host,self_canonical,title,title_len,meta_description,meta_desc_len,h1,h1_count,h2_count,word_count,html_bytes,schema_types,images,images_no_alt,main_elements,internal_links_in,internal_links_in_editorial,internal_links_out,ranking_keywords,best_position,ranking_volume,observed_hosts,top_keyword,search_intent__editorial,conversion_goal__editorial,disposition__editorial,disposition_reason
/,homepage,200,yes,yes,/,safenesttoys.com,yes,"SafeNest Toys — Safer Toys, Smarter Play, Built by Parents",58,"Independent toy safety reviews scored out of 100 for babies & toddlers — built by parents to help families choose safer, smarter toys with confidence.",150,Safe play starts with informed choices,1,6,817,150331,Answer|FAQPage|Organization|Person|Place|PostalAddress|Question|SearchAction|WebSite,7,0,1,231,chrome,34,0,,0,,,navigational,discovery -> guides/reviews,keep,"healthy, no ranking signal yet"
/about,about,200,yes,yes,/about,safenesttoys.com,yes,About SafeNest Toys — A Family-Built Toy Safety Guide,53,"SafeNest was built by Rodrigo and Vanessa, homeschooling parents of three in Kennesaw, Georgia, to help families choose safer, smarter toys with confidence.",156,About SafeNest Toys,1,4,527,60562,,1,0,1,231,chrome,18,0,,0,,,navigational,trust,keep,"healthy, no ranking signal yet"
/best-toys,age hub,200,yes,yes,/best-toys,safenesttoys.com,yes,Best Toys by Age | SafeNest Toys,32,"Compare developmentally appropriate toys by age, from newborn to 3 years and up, using parent-researched reviews built on publicly available product and recall information.",172,Best Toys by Age,1,5,219,53308,,0,0,1,231,chrome,23,0,,0,,,commercial investigation,discovery -> age page,improve,thin: 219 words
/best-toys/0-12-months,age listing,200,no,yes,/best-toys/6-12-months,safenesttoys.com,no,Best Toys for 0–12 months | SafeNest Toys,41,"Parent-researched toy reviews for babies and toddlers at 0–12 months, compared using publicly available product and recall information.",135,Best Toys for 0–12 months,1,43,1672,659581,BreadcrumbList|ListItem,84,0,1,0,0,63,0,,0,,,commercial investigation,affiliate click,consolidate,canonicalises to /best-toys/6-12-months
/best-toys/0-6-months,age listing,200,yes,yes,/best-toys/0-6-months,safenesttoys.com,yes,Best Toys for 0–6 months | SafeNest Toys,40,"Parent-researched toy reviews for babies and toddlers at 0–6 months, compared using publicly available product and recall information.",134,Best Toys for 0–6 months,1,22,954,364954,BreadcrumbList|ListItem,42,0,1,2,2,42,0,,0,,,commercial investigation,affiliate click,keep,"healthy, no ranking signal yet"
/best-toys/1-2-years,age listing,200,yes,yes,/best-toys/1-2-years,safenesttoys.com,yes,Best Toys for 1–2 years | SafeNest Toys,39,"Parent-researched toy reviews for babies and toddlers at 1–2 years, compared using publicly available product and recall information.",133,Best Toys for 1–2 years,1,88,3243,1289936,BreadcrumbList|ListItem,174,0,1,2,2,108,0,,0,,,commercial investigation,affiliate click,keep,"healthy, no ranking signal yet"
/best-toys/12,age listing,200,no,yes,/best-toys/1-2-years,safenesttoys.com,no,Best Toys for 1 year | SafeNest Toys,36,"Parent-researched toy reviews for babies and toddlers at 1 year, compared using publicly available product and recall information.",130,Best Toys for 1 year,1,75,2766,1107547,BreadcrumbList|ListItem,148,0,1,0,0,95,0,,0,,,commercial investigation,affiliate click,consolidate,canonicalises to /best-toys/1-2-years
/best-toys/12-24-months,age listing,200,no,yes,/best-toys/1-2-years,safenesttoys.com,no,Best Toys for 12–24 months | SafeNest Toys,42,"Parent-researched toy reviews for babies and toddlers at 12–24 months, compared using publicly available product and recall information.",136,Best Toys for 12–24 months,1,88,3258,1290578,BreadcrumbList|ListItem,174,0,1,0,0,108,0,,0,,,commercial investigation,affiliate click,consolidate,canonicalises to /best-toys/1-2-years
/best-toys/18,age listing,200,no,yes,/best-toys/1-2-years,safenesttoys.com,no,Best Toys for 18 months | SafeNest Toys,39,"Parent-researched toy reviews for babies and toddlers at 18 months, compared using publicly available product and recall information.",133,Best Toys for 18 months,1,88,3239,1289725,BreadcrumbList|ListItem,174,0,1,0,0,108,0,,0,,,commercial investigation,affiliate click,consolidate,canonicalises to /best-toys/1-2-years
/best-toys/2-3-years,age listing,200,yes,yes,/best-toys/2-3-years,safenesttoys.com,yes,Best Toys for 2–3 years | SafeNest Toys,39,"Parent-researched toy reviews for babies and toddlers at 2–3 years, compared using publicly available product and recall information.",133,Best Toys for 2–3 years,1,84,3120,1234616,BreadcrumbList|ListItem,166,0,1,2,2,104,0,,0,,,commercial investigation,affiliate click,keep,"healthy, no ranking signal yet"
/best-toys/24,age listing,200,no,yes,/best-toys/2-3-years,safenesttoys.com,no,Best Toys for 2 years | SafeNest Toys,37,"Parent-researched toy reviews for babies and toddlers at 2 years, compared using publicly available product and recall information.",131,Best Toys for 2 years,1,98,3619,1430943,BreadcrumbList|ListItem,194,0,1,0,0,118,0,,0,,,commercial investigation,affiliate click,consolidate,canonicalises to /best-toys/2-3-years
/best-toys/24-36-months,age listing,200,no,yes,/best-toys/2-3-years,safenesttoys.com,no,Best Toys for 24–36 months | SafeNest Toys,42,"Parent-researched toy reviews for babies and toddlers at 24–36 months, compared using publicly available product and recall information.",136,Best Toys for 24–36 months,1,84,3125,1234789,BreadcrumbList|ListItem,166,0,1,0,0,104,0,,0,,,commercial investigation,affiliate click,consolidate,canonicalises to /best-toys/2-3-years
/best-toys/3,age listing,200,no,yes,/best-toys/0-6-months,safenesttoys.com,no,Best Toys for 3 months | SafeNest Toys,38,"Parent-researched toy reviews for babies and toddlers at 3 months, compared using publicly available product and recall information.",132,Best Toys for 3 months,1,22,955,364866,BreadcrumbList|ListItem,42,0,1,0,0,42,0,,0,,,commercial investigation,affiliate click,consolidate,canonicalises to /best-toys/0-6-months
/best-toys/3-4-years,age listing,200,no,yes,/best-toys/3-plus-years,safenesttoys.com,no,Best Toys for 3–4 years | SafeNest Toys,39,"Parent-researched toy reviews for babies and toddlers at 3–4 years, compared using publicly available product and recall information.",133,Best Toys for 3–4 years,1,79,3010,1169814,BreadcrumbList|ListItem,156,0,1,0,0,99,0,,0,,,commercial investigation,affiliate click,consolidate,canonicalises to /best-toys/3-plus-years
/best-toys/3-plus-years,age listing,200,yes,yes,/best-toys/3-plus-years,safenesttoys.com,yes,Best Toys for 3+ years | SafeNest Toys,38,"Parent-researched toy reviews for babies and toddlers at 3+ years, compared using publicly available product and recall information.",132,Best Toys for 3+ years,1,79,3006,1169671,BreadcrumbList|ListItem,156,0,1,2,2,99,0,,0,,,commercial investigation,affiliate click,keep,"healthy, no ranking signal yet"
/best-toys/36,age listing,200,no,yes,/best-toys/3-plus-years,safenesttoys.com,no,Best Toys for 3 years | SafeNest Toys,37,"Parent-researched toy reviews for babies and toddlers at 3 years, compared using publicly available product and recall information.",131,Best Toys for 3 years,1,105,3900,1533422,BreadcrumbList|ListItem,208,0,1,0,0,125,0,,0,,,commercial investigation,affiliate click,consolidate,canonicalises to /best-toys/3-plus-years
/best-toys/6,age listing,200,no,yes,/best-toys/6-12-months,safenesttoys.com,no,Best Toys for 6 months | SafeNest Toys,38,"Parent-researched toy reviews for babies and toddlers at 6 months, compared using publicly available product and recall information.",132,Best Toys for 6 months,1,39,1541,603523,BreadcrumbList|ListItem,76,0,1,0,0,59,0,,0,,,commercial investigation,affiliate click,consolidate,canonicalises to /best-toys/6-12-months
/best-toys/6-12-months,age listing,200,yes,yes,/best-toys/6-12-months,safenesttoys.com,yes,Best Toys for 6–12 months | SafeNest Toys,41,"Parent-researched toy reviews for babies and toddlers at 6–12 months, compared using publicly available product and recall information.",135,Best Toys for 6–12 months,1,43,1682,659628,BreadcrumbList|ListItem,84,0,1,2,2,63,0,,0,,,commercial investigation,affiliate click,keep,"healthy, no ranking signal yet"
/best-toys/9,age listing,200,no,yes,/best-toys/6-12-months,safenesttoys.com,no,Best Toys for 9 months | SafeNest Toys,38,"Parent-researched toy reviews for babies and toddlers at 9 months, compared using publicly available product and recall information.",132,Best Toys for 9 months,1,43,1682,659462,BreadcrumbList|ListItem,84,0,1,0,0,63,0,,0,,,commercial investigation,affiliate click,consolidate,canonicalises to /best-toys/6-12-months
/best-toys/category/building-toys/12-24-months,category+age listing,200,yes,yes,/best-toys/category/building-toys/12-24-months,safenesttoys.com,yes,Best Building Toys for 12–24 Months | SafeNest Toys,51,"Parent-researched reviews of building toys for babies and toddlers aged 12–24 Months, with SafeNest's editorial safety and development scores.",142,Best Building Toys for 12–24 Months,1,22,629,208768,,21,0,1,1,1,45,0,,0,,,commercial investigation,affiliate click,improve,only 1 inbound internal link(s)
/best-toys/category/building-toys/24-36-months,category+age listing,200,yes,yes,/best-toys/category/building-toys/24-36-months,safenesttoys.com,yes,Best Building Toys for 24–36 Months | SafeNest Toys,51,"Parent-researched reviews of building toys for babies and toddlers aged 24–36 Months, with SafeNest's editorial safety and development scores.",142,Best Building Toys for 24–36 Months,1,29,753,259569,,28,0,1,1,1,53,0,,0,,,commercial investigation,affiliate click,improve,only 1 inbound internal link(s)
/best-toys/category/building-toys/6-12-months,category+age listing,200,yes,yes,/best-toys/category/building-toys/6-12-months,safenesttoys.com,yes,Best Building Toys for 6–12 Months | SafeNest Toys,50,"Parent-researched reviews of building toys for babies and toddlers aged 6–12 Months, with SafeNest's editorial safety and development scores.",141,Best Building Toys for 6–12 Months,1,10,424,122916,,9,0,1,1,1,34,0,,0,,,commercial investigation,affiliate click,improve,only 1 inbound internal link(s)
/best-toys/category/educational-toys/0-6-months,category+age listing,200,yes,yes,/best-toys/category/educational-toys/0-6-months,safenesttoys.com,yes,Best Educational Toys for 0–6 Months | SafeNest Toys,52,"Parent-researched reviews of educational toys for babies and toddlers aged 0–6 Months, with SafeNest's editorial safety and development scores.",143,Best Educational Toys for 0–6 Months,1,7,353,101342,,6,0,1,1,1,31,0,,0,,,commercial investigation,affiliate click,improve,only 1 inbound internal link(s)
/best-toys/category/educational-toys/12-24-months,category+age listing,200,yes,yes,/best-toys/category/educational-toys/12-24-months,safenesttoys.com,yes,Best Educational Toys for 12–24 Months | SafeNest Toys,54,"Parent-researched reviews of educational toys for babies and toddlers aged 12–24 Months, with SafeNest's editorial safety and development scores.",145,Best Educational Toys for 12–24 Months,1,38,909,323003,,37,0,1,1,1,60,0,,0,,,commercial investigation,affiliate click,improve,only 1 inbound internal link(s)
/best-toys/category/educational-toys/24-36-months,category+age listing,200,yes,yes,/best-toys/category/educational-toys/24-36-months,safenesttoys.com,yes,Best Educational Toys for 24–36 Months | SafeNest Toys,54,"Parent-researched reviews of educational toys for babies and toddlers aged 24–36 Months, with SafeNest's editorial safety and development scores.",145,Best Educational Toys for 24–36 Months,1,48,1087,395454,,47,0,1,1,1,70,0,,0,,,commercial investigation,affiliate click,improve,only 1 inbound internal link(s)
/best-toys/category/educational-toys/6-12-months,category+age listing,200,yes,yes,/best-toys/category/educational-toys/6-12-months,safenesttoys.com,yes,Best Educational Toys for 6–12 Months | SafeNest Toys,53,"Parent-researched reviews of educational toys for babies and toddlers aged 6–12 Months, with SafeNest's editorial safety and development scores.",144,Best Educational Toys for 6–12 Months,1,24,651,222447,,23,0,1,1,1,46,0,,0,,,commercial investigation,affiliate click,improve,only 1 inbound internal link(s)
/best-toys/category/outdoor-toys/12-24-months,category+age listing,200,yes,yes,/best-toys/category/outdoor-toys/12-24-months,safenesttoys.com,yes,Best Outdoor Toys for 12–24 Months | SafeNest Toys,50,"Parent-researched reviews of outdoor toys for babies and toddlers aged 12–24 Months, with SafeNest's editorial safety and development scores.",141,Best Outdoor Toys for 12–24 Months,1,23,636,215323,,22,0,1,1,1,47,0,,0,,,commercial investigation,affiliate click,improve,only 1 inbound internal link(s)
/best-toys/category/outdoor-toys/24-36-months,category+age listing,200,yes,yes,/best-toys/category/outdoor-toys/24-36-months,safenesttoys.com,yes,Best Outdoor Toys for 24–36 Months | SafeNest Toys,50,"Parent-researched reviews of outdoor toys for babies and toddlers aged 24–36 Months, with SafeNest's editorial safety and development scores.",141,Best Outdoor Toys for 24–36 Months,1,25,670,229700,,24,0,1,1,1,48,0,,0,,,commercial investigation,affiliate click,improve,only 1 inbound internal link(s)
/best-toys/category/outdoor-toys/6-12-months,category+age listing,200,yes,yes,/best-toys/category/outdoor-toys/6-12-months,safenesttoys.com,yes,Best Outdoor Toys for 6–12 Months | SafeNest Toys,49,"Parent-researched reviews of outdoor toys for babies and toddlers aged 6–12 Months, with SafeNest's editorial safety and development scores.",140,Best Outdoor Toys for 6–12 Months,1,10,407,122856,,9,0,1,1,1,34,0,,0,,,commercial investigation,affiliate click,improve,only 1 inbound internal link(s)
/best-toys/category/sensory-toys/0-6-months,category+age listing,200,yes,yes,/best-toys/category/sensory-toys/0-6-months,safenesttoys.com,yes,Best Sensory Toys for 0–6 Months | SafeNest Toys,48,"Parent-researched reviews of sensory toys for babies and toddlers aged 0–6 Months, with SafeNest's editorial safety and development scores.",139,Best Sensory Toys for 0–6 Months,1,31,764,272439,,30,0,1,1,1,53,0,,0,,,commercial investigation,affiliate click,improve,only 1 inbound internal link(s)
/best-toys/category/sensory-toys/12-24-months,category+age listing,200,yes,yes,/best-toys/category/sensory-toys/12-24-months,safenesttoys.com,yes,Best Sensory Toys for 12–24 Months | SafeNest Toys,50,"Parent-researched reviews of sensory toys for babies and toddlers aged 12–24 Months, with SafeNest's editorial safety and development scores.",141,Best Sensory Toys for 12–24 Months,1,35,834,300804,,34,0,1,1,1,59,0,,0,,,commercial investigation,affiliate click,improve,only 1 inbound internal link(s)
/best-toys/category/sensory-toys/24-36-months,category+age listing,200,yes,yes,/best-toys/category/sensory-toys/24-36-months,safenesttoys.com,yes,Best Sensory Toys for 24–36 Months | SafeNest Toys,50,"Parent-researched reviews of sensory toys for babies and toddlers aged 24–36 Months, with SafeNest's editorial safety and development scores.",141,Best Sensory Toys for 24–36 Months,1,20,584,193669,,19,0,1,1,1,42,0,,0,,,commercial investigation,affiliate click,improve,only 1 inbound internal link(s)
/best-toys/category/sensory-toys/6-12-months,category+age listing,200,yes,yes,/best-toys/category/sensory-toys/6-12-months,safenesttoys.com,yes,Best Sensory Toys for 6–12 Months | SafeNest Toys,49,"Parent-researched reviews of sensory toys for babies and toddlers aged 6–12 Months, with SafeNest's editorial safety and development scores.",140,Best Sensory Toys for 6–12 Months,1,34,819,293728,,33,0,1,1,1,58,0,,0,,,commercial investigation,affiliate click,improve,only 1 inbound internal link(s)
/blog,blog index,200,yes,yes,/blog,safenesttoys.com,yes,Toy Safety Blog — Guides & Research | SafeNest Toys,51,"Read the latest articles on toy safety, developmental play, and parenting tips from the SafeNest Toys editorial team.",117,Blog,1,12,595,67877,,0,0,1,231,chrome,29,0,,0,,,informational,email,keep,"healthy, no ranking signal yet"
/blog/button-batteries-and-magnets-toy-safety,article,200,yes,yes,/blog/button-batteries-and-magnets-toy-safety,safenesttoys.com,yes,Button Batteries and Magnets: The Two Hidden Toy Dangers Every Parent Should Know,81,"Button batteries and high-powered magnets are two of the most serious hazards in a home with small kids — how they cause harm, where they hide, what to do.",155,Button Batteries and Magnets: The Two Hidden Toy Dangers Every Parent Should Know,1,9,1513,96211,BlogPosting|BreadcrumbList|ListItem|Organization|Person|WebPage,0,0,1,1,1,19,0,,0,,,informational,email + affiliate click,improve,only 1 inbound internal link(s)
/blog/choosing-safe-first-toys,article,200,yes,yes,/blog/choosing-safe-first-toys,safenesttoys.com,yes,How to Choose Safe First Toys for Your Baby: Age Labels and Small Parts,71,"A practical framework for choosing safe, developmentally appropriate first toys — age grading, certifications, and the small-parts test every parent needs.",155,How to Choose Safe First Toys for Your Baby: Age Labels and Small Parts,1,7,942,80508,BlogPosting|BreadcrumbList|ListItem|Organization|Person|WebPage,0,0,1,1,1,19,0,,0,,,informational,email + affiliate click,improve,only 1 inbound internal link(s)
/blog/homeschool-manipulatives-safety-mixed-ages,article,200,yes,yes,/blog/homeschool-manipulatives-safety-mixed-ages,safenesttoys.com,yes,Homeschooling With Small Parts: Keeping Manipulatives Safe in a Mixed-Age House,79,"Counting cubes, pattern blocks and base-ten units are choking hazards by design — they are small on purpose. Here is how we run math materials with a toddler in the same room.",175,Homeschooling With Small Parts: Keeping Manipulatives Safe in a Mixed-Age House,1,8,1040,80346,BlogPosting|BreadcrumbList|ListItem|Organization|Person|WebPage,0,0,1,2,2,19,0,,0,,,informational,email + affiliate click,keep,"healthy, no ranking signal yet"
/blog/homeschool-toy-rotation-that-actually-holds,article,200,yes,yes,/blog/homeschool-toy-rotation-that-actually-holds,safenesttoys.com,yes,A Homeschool Toy Rotation That Survives Contact With Real Children,66,Rotation advice usually assumes a spare closet and a free Sunday. Here is the stripped-down version we kept doing after the elaborate one collapsed.,148,A Homeschool Toy Rotation That Survives Contact With Real Children,1,7,859,76702,BlogPosting|BreadcrumbList|ListItem|Organization|Person|WebPage,0,0,1,2,2,19,0,,0,,,informational,email + affiliate click,keep,"healthy, no ranking signal yet"
/blog/how-to-read-toy-safety-labels,article,200,yes,yes,/blog/how-to-read-toy-safety-labels,safenesttoys.com,yes,How to Read Toy Safety Labels: A Parent's Guide,47,"Which toy-box symbols actually keep your child safe? A plain-English guide to certifications, age grading, choking hazards, materials, and recalls.",147,How to Read Toy Safety Labels: A Parent's Guide,1,8,1005,81793,BlogPosting|BreadcrumbList|ListItem|Organization|Person|WebPage,0,0,1,1,1,19,0,,0,,,informational,email + affiliate click,improve,only 1 inbound internal link(s)
/blog/secondhand-toy-safety-checklist,article,200,yes,yes,/blog/secondhand-toy-safety-checklist,safenesttoys.com,yes,Secondhand Toy Safety: What to Check Before You Accept a Hand-Me-Down,69,Hand-me-down toys stretch a tight budget and keep good things out of landfills. Here is a practical nine-step check before one lands in your child's hands.,155,Secondhand Toy Safety: What to Check Before You Accept a Hand-Me-Down,1,8,1676,91995,BlogPosting|BreadcrumbList|ListItem|Organization|Person|WebPage,0,0,1,2,2,19,0,,0,,,informational,email + affiliate click,keep,"healthy, no ranking signal yet"
/blog/top-7-child-safe-toys-2026,article,200,yes,yes,/blog/top-7-child-safe-toys-2026,safenesttoys.com,yes,Top 7 Child-Safe Toys (June 2026) | SafeNest Toys,49,"The seven toys with the highest safety scores in our 2026 catalog — researched by parents, scored out of 100, and checked against current recall data.",150,Top 7 Child-Safe Toys (June 2026),1,4,1166,150902,BlogPosting|BreadcrumbList|ListItem|Organization|Person|WebPage,14,0,1,1,1,26,0,,0,,,informational,email + affiliate click,improve,only 1 inbound internal link(s)
/blog/top-7-toys-safe-fourth-of-july,article,200,yes,yes,/blog/top-7-toys-safe-fourth-of-july,safenesttoys.com,yes,Top 7 Toys for a Safe & Playful Fourth of July,46,"Seven outdoor and water toys to keep little ones cool, busy, and safe this Fourth of July — every pick safety-scored and recall-checked.",136,Top 7 Toys for a Safe & Playful Fourth of July,1,4,1185,151495,BlogPosting|BreadcrumbList|ListItem|Organization|Person|WebPage,14,0,1,1,1,26,0,,0,,,informational,email + affiliate click,improve,only 1 inbound internal link(s)
/blog/top-child-safe-building-toys-2026-w32,article,200,yes,yes,/blog/top-child-safe-building-toys-2026-w32,safenesttoys.com,yes,Top 7 Child-Safe Building Toys (August 2026) | SafeNest Toys,60,"The 7 building toys scoring highest in our catalog as of August 2026, with the age range and reported materials for each.",121,Top 7 Child-Safe Building Toys (August 2026),1,2,839,144717,BlogPosting|BreadcrumbList|ListItem|Organization|WebPage,14,0,1,2,2,26,0,,0,,,informational,email + affiliate click,keep,"healthy, no ranking signal yet"
/blog/top-child-safe-educational-toys-2026-w30,article,200,yes,yes,/blog/top-child-safe-educational-toys-2026-w30,safenesttoys.com,yes,Top 7 Child-Safe Educational Toys (July 2026),45,"The 7 educational toys scoring highest in our catalog as of July 2026, with the age range and reported materials for each.",122,Top 7 Child-Safe Educational Toys (July 2026),1,2,846,146005,BlogPosting|BreadcrumbList|ListItem|Organization|Person|WebPage,14,0,1,1,1,26,0,,0,,,informational,email + affiliate click,improve,only 1 inbound internal link(s)
/blog/top-child-safe-sensory-toys-2026-w34,article,200,yes,yes,/blog/top-child-safe-sensory-toys-2026-w34,safenesttoys.com,yes,Top 7 Child-Safe Sensory Toys (August 2026) | SafeNest Toys,59,"The 7 sensory toys scoring highest in our catalog as of August 2026, with the age range and reported materials for each.",120,Top 7 Child-Safe Sensory Toys (August 2026),1,2,867,146029,BlogPosting|BreadcrumbList|ListItem|Organization|WebPage,14,0,1,2,2,26,0,,0,,,informational,email + affiliate click,keep,"healthy, no ranking signal yet"
/categories,category hub,200,yes,yes,/categories,safenesttoys.com,yes,Toy Categories | SafeNest Toys,30,"Browse toys by category — building, sensory, outdoor, educational, and more. Every toy has a SafeNest editorial safety assessment.",130,Toy Categories,1,4,181,60501,BreadcrumbList|ListItem,0,0,1,231,chrome,18,0,,0,,,navigational,discovery -> category,improve,thin: 181 words
/categories/building-toys,category listing,200,yes,yes,/categories/building-toys,safenesttoys.com,yes,Building Toys - Toy Reviews | SafeNest Toys,43,"Browse parent-researched building toys toy reviews, with SafeNest's editorial safety and development scores.",108,Building Toys,1,20,638,209676,BreadcrumbList|ListItem,20,0,1,231,chrome,41,0,,0,,,commercial investigation,discovery -> review,keep,"healthy, no ranking signal yet"
/categories/educational-toys,category listing,200,yes,yes,/categories/educational-toys,safenesttoys.com,yes,Educational Toys - Toy Reviews | SafeNest Toys,46,"Browse parent-researched educational toys toy reviews, with SafeNest's editorial safety and development scores.",111,Educational Toys,1,20,628,210323,BreadcrumbList|ListItem,20,0,1,231,chrome,42,0,,0,,,commercial investigation,discovery -> review,keep,"healthy, no ranking signal yet"
/categories/outdoor-toys,category listing,200,yes,yes,/categories/outdoor-toys,safenesttoys.com,yes,Outdoor Toys - Toy Reviews | SafeNest Toys,42,"Browse parent-researched outdoor toys toy reviews, with SafeNest's editorial safety and development scores.",107,Outdoor Toys,1,20,617,208053,BreadcrumbList|ListItem,20,0,1,231,chrome,41,0,,0,,,commercial investigation,discovery -> review,keep,"healthy, no ranking signal yet"
/categories/sensory-toys,category listing,200,yes,yes,/categories/sensory-toys,safenesttoys.com,yes,Sensory Toys - Toy Reviews | SafeNest Toys,42,"Browse parent-researched sensory toys toy reviews, with SafeNest's editorial safety and development scores.",107,Sensory Toys,1,20,615,209195,BreadcrumbList|ListItem,20,0,1,231,chrome,42,0,,0,,,commercial investigation,discovery -> review,keep,"healthy, no ranking signal yet"
/contact,contact,200,yes,yes,/contact,safenesttoys.com,yes,Contact Us - SafeNest Toys,26,"Get in touch with the SafeNest Toys team. Questions about toy safety, partnerships, or feedback — we'd love to hear from you.",125,Contact Us,1,3,272,56487,,0,0,1,231,chrome,18,0,,0,,,navigational,contact,improve,thin: 272 words
/gift-guides,gift guide index,200,yes,yes,/gift-guides,safenesttoys.com,yes,Toy Gift Guides — Safe Gift Ideas by Occasion | SafeNest Toys,61,"Developmental toy gift ideas for first birthdays, baby showers, holidays, and more — every pick has a SafeNest editorial safety assessment and a recall check.",158,Safe Toy Gift Guides,1,4,287,54990,,0,0,1,231,chrome,22,0,,0,,,commercial investigation,discovery -> gift guide,improve,thin: 287 words
/gift-guides/baby-shower-gifts,gift guide,200,yes,yes,/gift-guides/baby-shower-gifts,safenesttoys.com,yes,Best Baby Shower Gifts (2026) | SafeNest Toys,45,"Thoughtful, safe baby shower gift ideas for newborns and infants — safety-scored and developmentally reviewed by SafeNest Toys.",127,Best Baby Shower Gifts,1,13,528,155705,ItemList|ListItem,12,0,1,4,4,34,0,,0,,,transactional,affiliate click,keep,"healthy, no ranking signal yet"
/gift-guides/first-birthday-gifts,gift guide,200,yes,yes,/gift-guides/first-birthday-gifts,safenesttoys.com,yes,Best First Birthday Gifts (2026) | SafeNest Toys,48,"Safe, developmental first birthday gift ideas for 1-year-olds — safety-scored and recall-checked by SafeNest Toys.",114,Best First Birthday Gifts,1,13,522,154788,ItemList|ListItem,12,0,1,4,4,34,0,,0,,,transactional,affiliate click,keep,"healthy, no ranking signal yet"
/gift-guides/gifts-for-2-year-olds,gift guide,200,yes,yes,/gift-guides/gifts-for-2-year-olds,safenesttoys.com,yes,Best Gifts for 2-Year-Olds (2026) | SafeNest Toys,49,"Safe, developmental gift ideas for 2-year-olds — safety-scored and recall-checked by SafeNest Toys.",99,Best Gifts for 2-Year-Olds,1,13,519,154625,ItemList|ListItem,12,0,1,4,4,34,0,,0,,,transactional,affiliate click,keep,"healthy, no ranking signal yet"
/gift-guides/stocking-stuffers-toddlers,gift guide,200,yes,yes,/gift-guides/stocking-stuffers-toddlers,safenesttoys.com,yes,Best Stocking Stuffers for Toddlers (2026) | SafeNest Toys,58,"Small, safe, affordable stocking stuffer ideas for toddlers — safety-scored by SafeNest Toys.",93,Best Stocking Stuffers for Toddlers,1,13,531,154827,ItemList|ListItem,12,0,1,4,4,34,0,,0,,,transactional,affiliate click,keep,"healthy, no ranking signal yet"
/guides,guide index,200,yes,yes,/guides,safenesttoys.com,yes,Buying Guides | SafeNest Toys,29,Parent-researched toy buying guides organized by age and category. Compare toys using publicly available product and recall information.,136,Buying Guides,1,12,284,58332,,0,0,1,231,chrome,30,0,,0,,,commercial investigation,discovery -> guide,improve,thin: 284 words
/guides/back-to-school-preschool-readiness,buying guide,200,yes,yes,/guides/back-to-school-preschool-readiness,safenesttoys.com,yes,Back-to-School Guide: Preschool & Daycare Readiness Toys | SafeNest Toys,72,"Buying guide for ages 2–6 years. Parent-researched toy comparisons from SafeNest Toys, based on publicly available product and recall information.",146,Back-to-School Guide: Preschool & Daycare Readiness Toys,1,7,849,148013,BreadcrumbList|ListItem,14,0,1,16,16,33,0,,0,,,commercial investigation,affiliate click + email,keep,"healthy, no ranking signal yet"
/guides/best-bath-water-toys,buying guide,200,yes,yes,/guides/best-bath-water-toys,safenesttoys.com,yes,Best Bath & Water Toys for Babies and Toddlers | SafeNest Toys,62,"Buying guide for ages 6 months–6 years. Parent-researched toy comparisons from SafeNest Toys, based on publicly available product and recall information.",153,Best Bath & Water Toys for Babies and Toddlers,1,6,705,143387,BreadcrumbList|ListItem,14,0,1,19,19,33,0,,0,,,commercial investigation,affiliate click + email,keep,"healthy, no ranking signal yet"
/guides/best-building-toys-preschoolers,buying guide,200,yes,yes,/guides/best-building-toys-preschoolers,safenesttoys.com,yes,Best Building & Construction Toys for Preschoolers | SafeNest Toys,66,"Buying guide for ages 3–8 years. Parent-researched toy comparisons from SafeNest Toys, based on publicly available product and recall information.",146,Best Building & Construction Toys for Preschoolers,1,4,471,124466,BreadcrumbList|ListItem,12,0,1,47,47,30,6,59,4770,apex,best toys for building independence,commercial investigation,affiliate click + email,improve,"ranks 6 kw, best position 59"
/guides/best-building-toys-toddlers-2025,buying guide,200,yes,yes,/guides/best-building-toys-toddlers-2025,safenesttoys.com,yes,Best Building Toys for Toddlers (2025) | SafeNest Toys,54,"Buying guide for ages 1–4 years. Parent-researched toy comparisons from SafeNest Toys, based on publicly available product and recall information.",146,Best Building Toys for Toddlers (2025),1,2,341,91925,BreadcrumbList|ListItem,6,0,1,19,19,28,0,,0,,,commercial investigation,affiliate click + email,keep,"healthy, no ranking signal yet"
/guides/best-educational-toys-2-3-years,buying guide,200,yes,yes,/guides/best-educational-toys-2-3-years,safenesttoys.com,yes,Best Educational Toys for 2–3 Year Olds | SafeNest Toys,55,"Buying guide for ages 2–3 years. Parent-researched toy comparisons from SafeNest Toys, based on publicly available product and recall information.",146,Best Educational Toys for 2–3 Year Olds,1,4,468,125181,BreadcrumbList|ListItem,12,0,1,71,71,31,0,,0,,,commercial investigation,affiliate click + email,keep,"healthy, no ranking signal yet"
/guides/best-outdoor-water-toys-toddlers,buying guide,200,yes,yes,/guides/best-outdoor-water-toys-toddlers,safenesttoys.com,yes,Best Outdoor & Water Toys for Toddlers | SafeNest Toys,54,"Buying guide for ages 1–6 years. Parent-researched toy comparisons from SafeNest Toys, based on publicly available product and recall information.",146,Best Outdoor & Water Toys for Toddlers,1,4,487,125854,BreadcrumbList|ListItem,12,0,1,54,54,31,0,,0,,,commercial investigation,affiliate click + email,keep,"healthy, no ranking signal yet"
/guides/best-sensory-toys-babies,buying guide,200,yes,yes,/guides/best-sensory-toys-babies,safenesttoys.com,yes,Best Sensory Toys for Babies (0–12 Months) | SafeNest Toys,58,"Buying guide for ages Birth–12 months. Parent-researched toy comparisons from SafeNest Toys, based on publicly available product and recall information.",152,Best Sensory Toys for Babies (0–12 Months),1,4,495,125901,BreadcrumbList|ListItem,12,0,1,56,56,31,18,40,7070,www,sensory toys for babies,commercial investigation,affiliate click + email,improve,"ranks 18 kw, best position 40"
/guides/best-toys-1-2-years,buying guide,200,yes,yes,/guides/best-toys-1-2-years,safenesttoys.com,yes,Best Toys for 1–2 Year Olds | SafeNest Toys,43,"Buying guide for ages 1–2 years. Parent-researched toy comparisons from SafeNest Toys, based on publicly available product and recall information.",146,Best Toys for 1–2 Year Olds,1,6,716,144344,BreadcrumbList|ListItem,14,0,1,29,29,32,0,,0,,,commercial investigation,affiliate click + email,keep,"healthy, no ranking signal yet"
/guides/best-toys-6-12-months,buying guide,200,yes,yes,/guides/best-toys-6-12-months,safenesttoys.com,yes,Best Toys for 6–12 Month Olds | SafeNest Toys,45,"Buying guide for ages 6–12 months. Parent-researched toy comparisons from SafeNest Toys, based on publicly available product and recall information.",148,Best Toys for 6–12 Month Olds,1,4,477,124266,BreadcrumbList|ListItem,12,0,1,40,40,31,0,,0,,,commercial investigation,affiliate click + email,keep,"healthy, no ranking signal yet"
/guides/best-travel-on-the-go-toys,buying guide,200,yes,yes,/guides/best-travel-on-the-go-toys,safenesttoys.com,yes,Best Travel & On-the-Go Toys for Babies and Toddlers | SafeNest Toys,68,"Buying guide for ages Birth–24 months. Parent-researched toy comparisons from SafeNest Toys, based on publicly available product and recall information.",152,Best Travel & On-the-Go Toys for Babies and Toddlers,1,6,728,145385,BreadcrumbList|ListItem,14,0,1,24,24,33,0,,0,,,commercial investigation,affiliate click + email,keep,"healthy, no ranking signal yet"
/guides/best-wooden-nontoxic-toys,buying guide,200,yes,yes,/guides/best-wooden-nontoxic-toys,safenesttoys.com,yes,Best Wooden & Non-Toxic Toys for Babies and Toddlers | SafeNest Toys,68,"Buying guide for ages Birth–8 years. Parent-researched toy comparisons from SafeNest Toys, based on publicly available product and recall information.",150,Best Wooden & Non-Toxic Toys for Babies and Toddlers,1,6,688,143293,BreadcrumbList|ListItem,14,0,1,23,23,33,1,78,50,apex,non toxic wood toys,commercial investigation,affiliate click + email,improve,"ranks 1 kw, best position 78"
/guides/homeschool-math-literacy-materials,buying guide,200,yes,yes,/guides/homeschool-math-literacy-materials,safenesttoys.com,yes,"Homeschool Math and Literacy Materials, Compared | SafeNest Toys",64,"Buying guide for ages 3–10 years. Parent-researched toy comparisons from SafeNest Toys, based on publicly available product and recall information.",147,"Homeschool Math and Literacy Materials, Compared",1,8,939,149554,BreadcrumbList|ListItem,14,0,1,14,14,33,0,,0,,,commercial investigation,affiliate click + email,keep,"healthy, no ranking signal yet"
/llms.txt,machine-readable map,200,no,yes,,,no,,0,,0,,0,0,1206,11203,,0,0,0,0,0,0,0,,0,,,n/a,AI citation,review,indexable but absent from the sitemap
/privacy,legal,200,yes,yes,/privacy,safenesttoys.com,yes,Privacy — What SafeNest Toys Collects | SafeNest Toys,53,"Exactly what data SafeNest Toys collects, why, who receives it, and how to opt out. Written from the code that runs the site.",125,What SafeNest Toys collects,1,8,802,62043,,0,0,1,231,chrome,18,0,,0,,,navigational,none,keep,"healthy, no ranking signal yet"
/recalls,recalls,200,yes,yes,/recalls,safenesttoys.com,yes,Toy Recall Alerts from the CPSC | SafeNest Toys,47,"Current children's product recalls republished from the U.S. CPSC public database, with hazard, remedy, affected models, and a link to each official notice.",156,Toy & Children's Product Recalls,1,26,4389,192284,BreadcrumbList|ListItem,0,0,1,231,chrome,18,0,,0,,,informational,trust + email,keep,"healthy, no ranking signal yet"
/reviews,review index,200,yes,yes,/reviews,safenesttoys.com,yes,All Toy Safety Reviews | SafeNest Toys,38,"Browse every toy with a SafeNest editorial safety assessment — material information, choking-risk research, recall checks, and developmental value, researched by parents.",170,All Toy Safety Reviews,1,138,2448,1105338,BreadcrumbList|ListItem,138,0,1,231,chrome,156,0,,0,,,commercial investigation,discovery -> review,keep,"healthy, no ranking signal yet"
/reviews/b-toys-bristle-blocks,review,200,yes,yes,/reviews/b-toys-bristle-blocks,safenesttoys.com,yes,B. toys Bristle Blocks Basic Set — Safety 87/100,48,"Is B. toys Bristle Blocks Basic Set safe? We score it 87/100 on materials, choking risk, recalls, and certifications. Ages 2–6 years.",133,B. toys Bristle Blocks Basic Set,1,11,979,118377,Brand|BreadcrumbList|ListItem|Organization|Product|Rating|Review,1,0,1,13,13,28,0,,0,,,commercial investigation,affiliate click,keep,"healthy, no ranking signal yet"
/reviews/b-toys-one-two-squeeze-blocks,review,200,yes,yes,/reviews/b-toys-one-two-squeeze-blocks,safenesttoys.com,yes,B. toys One Two Squeeze Soft Blocks — Safety 90/100,51,"Is B. toys One Two Squeeze Soft Blocks safe? We score it 90/100 on materials, choking risk, recalls, and certifications. Ages 6 months–3 years.",143,B. toys One Two Squeeze Soft Blocks,1,11,998,118279,Brand|BreadcrumbList|ListItem|Organization|Product|Rating|Review,1,0,1,19,19,27,0,,0,,,commercial investigation,affiliate click,keep,"healthy, no ranking signal yet"
/reviews/baby-banana-infant-teething-toothbrush,review,200,yes,yes,/reviews/baby-banana-infant-teething-toothbrush,safenesttoys.com,yes,Baby Banana Infant Teething Toothbrush — Safety 89/100,54,"Is Baby Banana Infant Teething Toothbrush safe? We score it 89/100 on materials, choking risk, recalls, and certifications. Ages 3–12 months.",141,Baby Banana Infant Teething Toothbrush,1,11,977,118697,Brand|BreadcrumbList|ListItem|Organization|Product|Rating|Review,1,0,1,16,16,28,0,,0,,,commercial investigation,affiliate click,keep,"healthy, no ranking signal yet"
/reviews/baby-einstein-take-along-tunes,review,200,yes,yes,/reviews/baby-einstein-take-along-tunes,safenesttoys.com,yes,Baby Einstein Take Along Tunes Musical Toy — Safety 87/100,58,"Is Baby Einstein Take Along Tunes Musical Toy safe? We score it 87/100 on materials, choking risk, recalls, and certifications. Ages 3 months–2 years.",150,Baby Einstein Take Along Tunes Musical Toy,1,11,971,117985,Brand|BreadcrumbList|ListItem|Organization|Product|Rating|Review,1,0,1,22,22,27,0,,0,,,commercial investigation,affiliate click,keep,"healthy, no ranking signal yet"
/reviews/bright-starts-everything-nice-rattle-and-teether-set,review,200,yes,yes,/reviews/bright-starts-everything-nice-rattle-and-teether-set,safenesttoys.com,yes,Bright Starts Everything Nice Rattle & Teether Set — Safety 88/100,66,"Is Bright Starts Everything Nice Rattle & Teether Set safe? We score it 88/100 on materials, choking risk, recalls, and certifications. Ages Birth–18 months.",157,Bright Starts Everything Nice Rattle & Teether Set,1,10,948,116961,Brand|BreadcrumbList|ListItem|Organization|Product|Rating|Review,1,0,1,19,19,26,0,,0,,,commercial investigation,affiliate click,keep,"healthy, no ranking signal yet"
/reviews/bright-starts-giggle-and-rattle-gift-set,review,200,yes,yes,/reviews/bright-starts-giggle-and-rattle-gift-set,safenesttoys.com,yes,Bright Starts Giggle & Rattle Gift Set — Safety 88/100,54,"Is Bright Starts Giggle & Rattle Gift Set safe? We score it 88/100 on materials, choking risk, recalls, and certifications. Ages 3–18 months.",141,Bright Starts Giggle & Rattle Gift Set,1,10,959,116533,Brand|BreadcrumbList|ListItem|Organization|Product|Rating|Review,1,0,1,19,19,26,0,,0,,,commercial investigation,affiliate click,keep,"healthy, no ranking signal yet"
/reviews/bright-starts-oball-bundle-rattle,review,200,yes,yes,/reviews/bright-starts-oball-bundle-rattle,safenesttoys.com,yes,Bright Starts Oball Bundle Rattle — Safety 89/100,49,"Is Bright Starts Oball Bundle Rattle safe? We score it 89/100 on materials, choking risk, recalls, and certifications. Ages 3–18 months.",136,Bright Starts Oball Bundle Rattle,1,10,930,115593,Brand|BreadcrumbList|ListItem|Organization|Product|Rating|Review,1,0,1,21,21,26,0,,0,,,commercial investigation,affiliate click,keep,"healthy, no ranking signal yet"
/reviews/bright-starts-oball-shaker-toy,review,200,yes,yes,/reviews/bright-starts-oball-shaker-toy,safenesttoys.com,yes,Bright Starts Oball Shaker Toy — Safety 89/100,46,"Is Bright Starts Oball Shaker Toy safe? We score it 89/100 on materials, choking risk, recalls, and certifications. Ages 3–18 months.",133,Bright Starts Oball Shaker Toy,1,10,945,115744,Brand|BreadcrumbList|ListItem|Organization|Product|Rating|Review,1,0,1,19,19,26,0,,0,,,commercial investigation,affiliate click,keep,"healthy, no ranking signal yet"
/reviews/crayola-my-first-tripod-crayons,review,200,yes,yes,/reviews/crayola-my-first-tripod-crayons,safenesttoys.com,yes,Crayola My First Washable Tripod Crayons — Safety 87/100,56,"Is Crayola My First Washable Tripod Crayons safe? We score it 87/100 on materials, choking risk, recalls, and certifications. Ages 2–5 years.",141,Crayola My First Washable Tripod Crayons,1,11,975,117810,Brand|BreadcrumbList|ListItem|Organization|Product|Rating|Review,1,0,1,12,12,26,0,,0,,,commercial investigation,affiliate click,keep,"healthy, no ranking signal yet"
/reviews/crayola-washable-finger-paints,review,200,yes,yes,/reviews/crayola-washable-finger-paints,safenesttoys.com,yes,Crayola Washable Finger Paints (6 Count) — Safety 87/100,56,"Is Crayola Washable Finger Paints (6 Count) safe? We score it 87/100 on materials, choking risk, recalls, and certifications. Ages 2–6 years.",141,Crayola Washable Finger Paints (6 Count),1,11,982,118179,Brand|BreadcrumbList|ListItem|Organization|Product|Rating|Review,1,0,1,13,13,27,0,,0,,,commercial investigation,affiliate click,keep,"healthy, no ranking signal yet"
/reviews/disney-baby-winnie-the-pooh-jingle-and-shake-rattle,review,200,yes,yes,/reviews/disney-baby-winnie-the-pooh-jingle-and-shake-rattle,safenesttoys.com,yes,Disney Baby Winnie the Pooh Jingle & Shake Rattle — Safety 88/100,65,"Is Disney Baby Winnie the Pooh Jingle & Shake Rattle safe? We score it 88/100 on materials, choking risk, recalls, and certifications. Ages 3–18 months.",152,Disney Baby Winnie the Pooh Jingle & Shake Rattle,1,10,957,116906,Brand|BreadcrumbList|ListItem|Organization|Product|Rating|Review,1,0,1,19,19,26,0,,0,,,commercial investigation,affiliate click,keep,"healthy, no ranking signal yet"
/reviews/edushape-sensory-ball-set,review,200,yes,yes,/reviews/edushape-sensory-ball-set,safenesttoys.com,yes,Edushape Sensory Ball Mega Pack — Safety 89/100,47,"Is Edushape Sensory Ball Mega Pack safe? We score it 89/100 on materials, choking risk, recalls, and certifications. Ages 6 months–3 years.",139,Edushape Sensory Ball Mega Pack,1,11,989,118490,Brand|BreadcrumbList|ListItem|Organization|Product|Rating|Review,1,0,1,22,22,27,0,,0,,,commercial investigation,affiliate click,keep,"healthy, no ranking signal yet"
/reviews/fat-brain-dimpl,review,200,yes,yes,/reviews/fat-brain-dimpl,safenesttoys.com,yes,Fat Brain Toys Dimpl Baby Toy — Safety 93/100,45,"Is Fat Brain Toys Dimpl Baby Toy safe? We score it 93/100 on materials, choking risk, recalls, and certifications. Ages 10 months–2 years.",138,Fat Brain Toys Dimpl Baby Toy,1,11,963,116978,Brand|BreadcrumbList|ListItem|Organization|Product|Rating|Review,1,0,1,21,21,26,0,,0,,,commercial investigation,affiliate click,keep,"healthy, no ranking signal yet"
/reviews/fat-brain-toys-dimpl-digits,review,200,yes,yes,/reviews/fat-brain-toys-dimpl-digits,safenesttoys.com,yes,Fat Brain Toys Dimpl Digits — Safety 91/100 | SafeNest Toys,59,"Is Fat Brain Toys Dimpl Digits safe? We score it 91/100 on materials, choking risk, recalls, and certifications. Ages 1–3 years.",128,Fat Brain Toys Dimpl Digits,1,11,983,118462,Brand|BreadcrumbList|ListItem|Organization|Product|Rating|Review,1,0,1,26,26,28,0,,0,,,commercial investigation,affiliate click,keep,"healthy, no ranking signal yet"
/reviews/fat-brain-toys-innybin,review,200,yes,yes,/reviews/fat-brain-toys-innybin,safenesttoys.com,yes,Fat Brain Toys InnyBin Shape Sorter — Safety 91/100,51,"Is Fat Brain Toys InnyBin Shape Sorter safe? We score it 91/100 on materials, choking risk, recalls, and certifications. Ages 10 months–2 years.",144,Fat Brain Toys InnyBin Shape Sorter,1,11,979,117071,Brand|BreadcrumbList|ListItem|Organization|Product|Rating|Review,1,0,1,17,17,26,0,,0,,,commercial investigation,affiliate click,keep,"healthy, no ranking signal yet"
/reviews/fat-brain-toys-pipsquigz-loops,review,200,yes,yes,/reviews/fat-brain-toys-pipsquigz-loops,safenesttoys.com,yes,Fat Brain Toys PipSquigz Loops — Safety 90/100,46,"Is Fat Brain Toys PipSquigz Loops safe? We score it 90/100 on materials, choking risk, recalls, and certifications. Ages 3–18 months.",133,Fat Brain Toys PipSquigz Loops,1,11,986,118518,Brand|BreadcrumbList|ListItem|Organization|Product|Rating|Review,1,0,1,26,26,28,0,,0,,,commercial investigation,affiliate click,keep,"healthy, no ranking signal yet"
/reviews/fisher-price-giant-rock-a-stack,review,200,yes,yes,/reviews/fisher-price-giant-rock-a-stack,safenesttoys.com,yes,Fisher-Price Giant Rock-a-Stack — Safety 88/100,47,"Is Fisher-Price Giant Rock-a-Stack safe? We score it 88/100 on materials, choking risk, recalls, and certifications. Ages 6 months–3 years.",139,Fisher-Price Giant Rock-a-Stack,1,10,949,115976,Brand|BreadcrumbList|ListItem|Organization|Product|Rating|Review,1,0,1,26,26,26,0,,0,,,commercial investigation,affiliate click,keep,"healthy, no ranking signal yet"
/reviews/fisher-price-laugh-learn-smart-stages-chair,review,200,yes,yes,/reviews/fisher-price-laugh-learn-smart-stages-chair,safenesttoys.com,yes,Fisher-Price Laugh & Learn Smart Stages Chair — Safety 85/100,61,"Is Fisher-Price Laugh & Learn Smart Stages Chair safe? We score it 85/100 on materials, choking risk, recalls, and certifications. Ages 1–3 years.",146,Fisher-Price Laugh & Learn Smart Stages Chair,1,11,970,118698,Brand|BreadcrumbList|ListItem|Organization|Product|Rating|Review,1,0,1,22,22,28,0,,0,,,commercial investigation,affiliate click,keep,"healthy, no ranking signal yet"
/reviews/fisher-price-sensory-rock-a-stack,review,200,yes,yes,/reviews/fisher-price-sensory-rock-a-stack,safenesttoys.com,yes,Fisher-Price Sensory Rock-a-Stack — Safety 88/100,49,"Is Fisher-Price Sensory Rock-a-Stack safe? We score it 88/100 on materials, choking risk, recalls, and certifications. Ages 6 months–3 years.",141,Fisher-Price Sensory Rock-a-Stack,1,10,943,116246,Brand|BreadcrumbList|ListItem|Organization|Product|Rating|Review,1,0,1,27,27,26,0,,0,,,commercial investigation,affiliate click,keep,"healthy, no ranking signal yet"
/reviews/fisher-price-shape-sorter,review,200,yes,yes,/reviews/fisher-price-shape-sorter,safenesttoys.com,yes,Fisher-Price Baby's First Blocks Shape Sorter — Safety 87/100,61,"Is Fisher-Price Baby's First Blocks Shape Sorter safe? We score it 87/100 on materials, choking risk, recalls, and certifications. Ages 6 months–3 years.",153,Fisher-Price Baby's First Blocks Shape Sorter,1,11,994,118666,Brand|BreadcrumbList|ListItem|Organization|Product|Rating|Review,1,0,1,29,29,27,0,,0,,,commercial investigation,affiliate click,keep,"healthy, no ranking signal yet"
/reviews/fisher-price-stroll-along-walker,review,200,yes,yes,/reviews/fisher-price-stroll-along-walker,safenesttoys.com,yes,Fisher-Price Stroll-Along Walker — Safety 85/100,48,"Is Fisher-Price Stroll-Along Walker safe? We score it 85/100 on materials, choking risk, recalls, and certifications. Ages 9 months–3 years.",140,Fisher-Price Stroll-Along Walker,1,10,977,117512,Brand|BreadcrumbList|ListItem|Organization|Product|Rating|Review,1,0,1,25,25,27,0,,0,,,commercial investigation,affiliate click,keep,"healthy, no ranking signal yet"
/reviews/green-toys-bubbling-submarine,review,200,yes,yes,/reviews/green-toys-bubbling-submarine,safenesttoys.com,yes,Green Toys Bubbling Submarine — Safety 94/100,45,"Is Green Toys Bubbling Submarine safe? We score it 94/100 on materials, choking risk, recalls, and certifications. Ages 18 months–5 years.",138,Green Toys Bubbling Submarine,1,10,959,117174,Brand|BreadcrumbList|ListItem|Organization|Product|Rating|Review,1,0,1,28,28,28,0,,0,,,commercial investigation,affiliate click,keep,"healthy, no ranking signal yet"
/reviews/green-toys-dump-truck,review,200,yes,yes,/reviews/green-toys-dump-truck,safenesttoys.com,yes,Green Toys Dump Truck — Safety 94/100 | SafeNest Toys,53,"Is Green Toys Dump Truck safe? We score it 94/100 on materials, choking risk, recalls, and certifications. Ages 1–6 years.",122,Green Toys Dump Truck,1,11,992,118705,Brand|BreadcrumbList|ListItem|Organization|Product|Rating|Review,1,0,1,31,31,29,0,,0,,,commercial investigation,affiliate click,keep,"healthy, no ranking signal yet"
/reviews/green-toys-my-first-submarine,review,200,yes,yes,/reviews/green-toys-my-first-submarine,safenesttoys.com,yes,Green Toys My First Submarine — Safety 94/100,45,"Is Green Toys My First Submarine safe? We score it 94/100 on materials, choking risk, recalls, and certifications. Ages 6 months–3 years.",137,Green Toys My First Submarine,1,10,979,117546,Brand|BreadcrumbList|ListItem|Organization|Product|Rating|Review,1,0,1,31,31,28,0,,0,,,commercial investigation,affiliate click,keep,"healthy, no ranking signal yet"
/reviews/green-toys-rescue-boat-and-helicopter,review,200,yes,yes,/reviews/green-toys-rescue-boat-and-helicopter,safenesttoys.com,yes,Green Toys Rescue Boat & Helicopter — Safety 94/100,51,"Is Green Toys Rescue Boat & Helicopter safe? We score it 94/100 on materials, choking risk, recalls, and certifications. Ages 1–6 years.",136,Green Toys Rescue Boat & Helicopter,1,10,973,117833,Brand|BreadcrumbList|ListItem|Organization|Product|Rating|Review,1,0,1,31,31,28,0,,0,,,commercial investigation,affiliate click,keep,"healthy, no ranking signal yet"
/reviews/green-toys-stacking-cups,review,200,yes,yes,/reviews/green-toys-stacking-cups,safenesttoys.com,yes,Green Toys Stacking Cups — Safety 95/100 | SafeNest Toys,56,"Is Green Toys Stacking Cups safe? We score it 95/100 on materials, choking risk, recalls, and certifications. Ages 6 months–3 years.",132,Green Toys Stacking Cups,1,11,1004,118527,Brand|BreadcrumbList|ListItem|Organization|Product|Rating|Review,1,0,1,34,34,28,0,,0,,,commercial investigation,affiliate click,keep,"healthy, no ranking signal yet"
/reviews/grimms-large-rainbow-stacker,review,200,yes,yes,/reviews/grimms-large-rainbow-stacker,safenesttoys.com,yes,Grimm's Large Rainbow Stacker — Safety 94/100,45,"Is Grimm's Large Rainbow Stacker safe? We score it 94/100 on materials, choking risk, recalls, and certifications. Ages 1–8 years.",130,Grimm's Large Rainbow Stacker,1,11,981,118096,Brand|BreadcrumbList|ListItem|Organization|Product|Rating|Review,1,0,1,32,32,26,0,,0,,,commercial investigation,affiliate click,keep,"healthy, no ranking signal yet"
/reviews/hape-double-rainbow-stacker,review,200,yes,yes,/reviews/hape-double-rainbow-stacker,safenesttoys.com,yes,Hape Double Rainbow Stacker — Safety 92/100 | SafeNest Toys,59,"Is Hape Double Rainbow Stacker safe? We score it 92/100 on materials, choking risk, recalls, and certifications. Ages 1–4 years.",128,Hape Double Rainbow Stacker,1,10,956,116460,Brand|BreadcrumbList|ListItem|Organization|Product|Rating|Review,1,0,1,30,30,27,0,,0,,,commercial investigation,affiliate click,keep,"healthy, no ranking signal yet"
/reviews/hape-fantasia-blocks-train,review,200,yes,yes,/reviews/hape-fantasia-blocks-train,safenesttoys.com,yes,Hape Fantasia Blocks Wooden Sorting & Stacking Train — Safety 92/100,68,"Is Hape Fantasia Blocks Wooden Sorting & Stacking Train safe? We score it 92/100 on materials, choking risk, recalls, and certifications. Ages 18 months–6 years.",161,Hape Fantasia Blocks Wooden Sorting & Stacking Train,1,11,1004,119558,Brand|BreadcrumbList|ListItem|Organization|Product|Rating|Review,1,0,1,25,25,27,0,,0,,,commercial investigation,affiliate click,keep,"healthy, no ranking signal yet"
/reviews/hape-fruity-numbers-peg-puzzle,review,200,yes,yes,/reviews/hape-fruity-numbers-peg-puzzle,safenesttoys.com,yes,Hape Fruity Numbers Peg Puzzle — Safety 90/100,46,"Is Hape Fruity Numbers Peg Puzzle safe? We score it 90/100 on materials, choking risk, recalls, and certifications. Ages 2–5 years.",131,Hape Fruity Numbers Peg Puzzle,1,10,955,116323,Brand|BreadcrumbList|ListItem|Organization|Product|Rating|Review,1,0,1,18,18,27,0,,0,,,commercial investigation,affiliate click,keep,"healthy, no ranking signal yet"
/reviews/hape-pound-tap-xylophone,review,200,yes,yes,/reviews/hape-pound-tap-xylophone,safenesttoys.com,yes,Hape Pound & Tap Bench with Xylophone — Safety 93/100,53,"Is Hape Pound & Tap Bench with Xylophone safe? We score it 93/100 on materials, choking risk, recalls, and certifications. Ages 1–3 years.",138,Hape Pound & Tap Bench with Xylophone,1,11,988,118680,Brand|BreadcrumbList|ListItem|Organization|Product|Rating|Review,1,0,1,33,33,28,0,,0,,,commercial investigation,affiliate click,keep,"healthy, no ranking signal yet"
/reviews/hape-rainbow-bead-abacus,review,200,yes,yes,/reviews/hape-rainbow-bead-abacus,safenesttoys.com,yes,Hape Rainbow Bead Abacus — Safety 92/100 | SafeNest Toys,56,"Is Hape Rainbow Bead Abacus safe? We score it 92/100 on materials, choking risk, recalls, and certifications. Ages 18 months–5 years.",133,Hape Rainbow Bead Abacus,1,10,962,116387,Brand|BreadcrumbList|ListItem|Organization|Product|Rating|Review,1,0,1,23,23,27,0,,0,,,commercial investigation,affiliate click,keep,"healthy, no ranking signal yet"
/reviews/hape-shape-sorter-xylophone,review,200,yes,yes,/reviews/hape-shape-sorter-xylophone,safenesttoys.com,yes,Hape Shape Sorter Xylophone and Piano — Safety 92/100,53,"Is Hape Shape Sorter Xylophone and Piano safe? We score it 92/100 on materials, choking risk, recalls, and certifications. Ages 1–3 years.",138,Hape Shape Sorter Xylophone and Piano,1,11,990,118720,Brand|BreadcrumbList|ListItem|Organization|Product|Rating|Review,1,0,1,27,27,28,0,,0,,,commercial investigation,affiliate click,keep,"healthy, no ranking signal yet"
/reviews/hape-string-along-shapes,review,200,yes,yes,/reviews/hape-string-along-shapes,safenesttoys.com,yes,Hape String-Along Shapes Stacking Game — Safety 89/100,54,"Is Hape String-Along Shapes Stacking Game safe? We score it 89/100 on materials, choking risk, recalls, and certifications. Ages 3–8 years.",139,Hape String-Along Shapes Stacking Game,1,11,991,118419,Brand|BreadcrumbList|ListItem|Organization|Product|Rating|Review,1,0,1,15,15,27,0,,0,,,commercial investigation,affiliate click,keep,"healthy, no ranking signal yet"
/reviews/hape-twist-and-turnables,review,200,yes,yes,/reviews/hape-twist-and-turnables,safenesttoys.com,yes,Hape Twist & Turnables Wooden Shape Blocks — Safety 91/100,58,"Is Hape Twist & Turnables Wooden Shape Blocks safe? We score it 91/100 on materials, choking risk, recalls, and certifications. Ages 2–6 years.",143,Hape Twist & Turnables Wooden Shape Blocks,1,11,981,118714,Brand|BreadcrumbList|ListItem|Organization|Product|Rating|Review,1,0,1,20,20,26,0,,0,,,commercial investigation,affiliate click,keep,"healthy, no ranking signal yet"
/reviews/hape-walk-a-long-snail,review,200,yes,yes,/reviews/hape-walk-a-long-snail,safenesttoys.com,yes,Hape Walk-A-Long Snail — Safety 91/100 | SafeNest Toys,54,"Is Hape Walk-A-Long Snail safe? We score it 91/100 on materials, choking risk, recalls, and certifications. Ages 1–3 years.",123,Hape Walk-A-Long Snail,1,11,971,118073,Brand|BreadcrumbList|ListItem|Organization|Product|Rating|Review,1,0,1,26,26,28,0,,0,,,commercial investigation,affiliate click,keep,"healthy, no ranking signal yet"
/reviews/infantino-flip-peek-fun-phone,review,200,yes,yes,/reviews/infantino-flip-peek-fun-phone,safenesttoys.com,yes,Infantino Flip & Peek Fun Phone — Safety 87/100,47,"Is Infantino Flip & Peek Fun Phone safe? We score it 87/100 on materials, choking risk, recalls, and certifications. Ages 3 months–2 years.",139,Infantino Flip & Peek Fun Phone,1,11,963,118422,Brand|BreadcrumbList|ListItem|Organization|Product|Rating|Review,1,0,1,26,26,28,0,,0,,,commercial investigation,affiliate click,keep,"healthy, no ranking signal yet"
/reviews/infantino-textured-ball-set,review,200,yes,yes,/reviews/infantino-textured-ball-set,safenesttoys.com,yes,Infantino Textured Multi Ball Set — Safety 88/100,49,"Is Infantino Textured Multi Ball Set safe? We score it 88/100 on materials, choking risk, recalls, and certifications. Ages 6 months–2 years.",141,Infantino Textured Multi Ball Set,1,11,968,117409,Brand|BreadcrumbList|ListItem|Organization|Product|Rating|Review,1,0,1,23,23,26,0,,0,,,commercial investigation,affiliate click,keep,"healthy, no ranking signal yet"
/reviews/janod-translucent-sensory-stacking-blocks,review,200,yes,yes,/reviews/janod-translucent-sensory-stacking-blocks,safenesttoys.com,yes,Janod Translucent Sensory Stacking Blocks — Safety 90/100,57,"Is Janod Translucent Sensory Stacking Blocks safe? We score it 90/100 on materials, choking risk, recalls, and certifications. Ages 1–4 years.",142,Janod Translucent Sensory Stacking Blocks,1,11,994,119151,Brand|BreadcrumbList|ListItem|Organization|Product|Rating|Review,1,0,1,25,25,28,0,,0,,,commercial investigation,affiliate click,keep,"healthy, no ranking signal yet"
/reviews/kiwico-panda-crate,review,200,yes,yes,/reviews/kiwico-panda-crate,safenesttoys.com,yes,KiwiCo Panda Crate (0-24 months) — Safety 91/100,48,"Is KiwiCo Panda Crate (0-24 months) safe? We score it 91/100 on materials, choking risk, recalls, and certifications. Ages Birth–24 months.",139,KiwiCo Panda Crate (0-24 months),1,11,981,118515,Brand|BreadcrumbList|ListItem|Organization|Product|Rating|Review,1,0,1,26,26,27,0,,0,,,commercial investigation,affiliate click,keep,"healthy, no ranking signal yet"
/reviews/lamaze-freddie-the-firefly,review,200,yes,yes,/reviews/lamaze-freddie-the-firefly,safenesttoys.com,yes,Lamaze Freddie the Firefly Clip-On Toy — Safety 87/100,54,"Is Lamaze Freddie the Firefly Clip-On Toy safe? We score it 87/100 on materials, choking risk, recalls, and certifications. Ages Birth–24 months.",145,Lamaze Freddie the Firefly Clip-On Toy,1,11,986,118312,Brand|BreadcrumbList|ListItem|Organization|Product|Rating|Review,1,0,1,25,25,28,0,,0,,,commercial investigation,affiliate click,keep,"healthy, no ranking signal yet"
/reviews/leapfrog-learning-friends-book,review,200,yes,yes,/reviews/leapfrog-learning-friends-book,safenesttoys.com,yes,LeapFrog Learning Friends 100 Words Book — Safety 88/100,56,"Is LeapFrog Learning Friends 100 Words Book safe? We score it 88/100 on materials, choking risk, recalls, and certifications. Ages 18 months–4 years.",149,LeapFrog Learning Friends 100 Words Book,1,11,961,118400,Brand|BreadcrumbList|ListItem|Organization|Product|Rating|Review,1,0,1,21,21,28,0,,0,,,commercial investigation,affiliate click,keep,"healthy, no ranking signal yet"
/reviews/leapfrog-shapes-and-sharing-picnic-basket,review,200,yes,yes,/reviews/leapfrog-shapes-and-sharing-picnic-basket,safenesttoys.com,yes,LeapFrog Shapes & Sharing Picnic Basket — Safety 86/100,55,"Is LeapFrog Shapes & Sharing Picnic Basket safe? We score it 86/100 on materials, choking risk, recalls, and certifications. Ages 1–3 years.",140,LeapFrog Shapes & Sharing Picnic Basket,1,10,964,117426,Brand|BreadcrumbList|ListItem|Organization|Product|Rating|Review,1,0,1,17,17,27,0,,0,,,commercial investigation,affiliate click,keep,"healthy, no ranking signal yet"
/reviews/learning-resources-1-10-counting-owls-activity-set,review,200,yes,yes,/reviews/learning-resources-1-10-counting-owls-activity-set,safenesttoys.com,yes,Learning Resources 1-10 Counting Owls Activity Set — Safety 71/100,66,"Is Learning Resources 1-10 Counting Owls Activity Set safe? We score it 71/100 on materials, choking risk, recalls, and certifications. Ages 3–7 years.",151,Learning Resources 1-10 Counting Owls Activity Set,1,9,1025,116349,Brand|BreadcrumbList|ListItem|Organization|Product|Rating|Review,1,0,1,8,8,25,0,,0,,,commercial investigation,affiliate click,keep,"healthy, no ranking signal yet"
/reviews/learning-resources-10-row-rekenrek-counting-frame,review,200,yes,yes,/reviews/learning-resources-10-row-rekenrek-counting-frame,safenesttoys.com,yes,Learning Resources 10-Row Rekenrek Counting Frame — Safety 74/100,65,"Is Learning Resources 10-Row Rekenrek Counting Frame safe? We score it 74/100 on materials, choking risk, recalls, and certifications. Ages 5–10 years.",151,Learning Resources 10-Row Rekenrek Counting Frame,1,9,1037,116666,Brand|BreadcrumbList|ListItem|Organization|Product|Rating|Review,1,0,1,4,4,25,0,,0,,,commercial investigation,affiliate click,keep,"healthy, no ranking signal yet"
/reviews/learning-resources-playfoam-sensory,review,200,yes,yes,/reviews/learning-resources-playfoam-sensory,safenesttoys.com,yes,Learning Resources Playfoam Sensory Set — Safety 88/100,55,"Is Learning Resources Playfoam Sensory Set safe? We score it 88/100 on materials, choking risk, recalls, and certifications. Ages 3–8 years.",140,Learning Resources Playfoam Sensory Set,1,11,964,117283,Brand|BreadcrumbList|ListItem|Organization|Product|Rating|Review,1,0,1,15,15,26,0,,0,,,commercial investigation,affiliate click,keep,"healthy, no ranking signal yet"
/reviews/learning-resources-snap-cubes-100-piece-set,review,200,yes,yes,/reviews/learning-resources-snap-cubes-100-piece-set,safenesttoys.com,yes,Learning Resources Snap Cubes 100-Piece Set — Safety 70/100,59,"Is Learning Resources Snap Cubes 100-Piece Set safe? We score it 70/100 on materials, choking risk, recalls, and certifications. Ages 5–9 years.",144,Learning Resources Snap Cubes 100-Piece Set,1,9,1029,116682,Brand|BreadcrumbList|ListItem|Organization|Product|Rating|Review,1,0,1,4,4,25,0,,0,,,commercial investigation,affiliate click,keep,"healthy, no ranking signal yet"
/reviews/learning-resources-wooden-pattern-blocks-250-piece-set,review,200,yes,yes,/reviews/learning-resources-wooden-pattern-blocks-250-piece-set,safenesttoys.com,yes,Learning Resources Wooden Pattern Blocks 250-Piece Set — Safety 72/100,70,"Is Learning Resources Wooden Pattern Blocks 250-Piece Set safe? We score it 72/100 on materials, choking risk, recalls, and certifications. Ages 3–8 years.",155,Learning Resources Wooden Pattern Blocks 250-Piece Set,1,9,1053,117872,Brand|BreadcrumbList|ListItem|Organization|Product|Rating|Review,1,0,1,10,10,27,0,,0,,,commercial investigation,affiliate click,keep,"healthy, no ranking signal yet"
/reviews/lego-duplo-classic-brick-box,review,200,yes,yes,/reviews/lego-duplo-classic-brick-box,safenesttoys.com,yes,LEGO DUPLO Classic Brick Box — Safety 93/100 | SafeNest Toys,60,"Is LEGO DUPLO Classic Brick Box safe? We score it 93/100 on materials, choking risk, recalls, and certifications. Ages 18 months–5 years.",137,LEGO DUPLO Classic Brick Box,1,11,998,119317,Brand|BreadcrumbList|ListItem|Organization|Product|Rating|Review,1,0,1,23,23,29,0,,0,,,commercial investigation,affiliate click,keep,"healthy, no ranking signal yet"
/reviews/lego-duplo-number-train,review,200,yes,yes,/reviews/lego-duplo-number-train,safenesttoys.com,yes,LEGO DUPLO Number Train - Learn to Count — Safety 93/100,56,"Is LEGO DUPLO Number Train - Learn to Count safe? We score it 93/100 on materials, choking risk, recalls, and certifications. Ages 18 months–5 years.",149,LEGO DUPLO Number Train - Learn to Count,1,11,1003,119357,Brand|BreadcrumbList|ListItem|Organization|Product|Rating|Review,1,0,1,22,22,29,0,,0,,,commercial investigation,affiliate click,keep,"healthy, no ranking signal yet"
/reviews/lego-duplo-steam-train,review,200,yes,yes,/reviews/lego-duplo-steam-train,safenesttoys.com,yes,LEGO DUPLO Steam Train — Safety 92/100 | SafeNest Toys,54,"Is LEGO DUPLO Steam Train safe? We score it 92/100 on materials, choking risk, recalls, and certifications. Ages 2–5 years.",123,LEGO DUPLO Steam Train,1,11,971,118192,Brand|BreadcrumbList|ListItem|Organization|Product|Rating|Review,1,0,1,17,17,28,0,,0,,,commercial investigation,affiliate click,keep,"healthy, no ranking signal yet"
/reviews/little-tikes-2-in-1-snug-n-secure-swing,review,200,yes,yes,/reviews/little-tikes-2-in-1-snug-n-secure-swing,safenesttoys.com,yes,Little Tikes 2-in-1 Snug 'n Secure Swing — Safety 86/100,56,"Is Little Tikes 2-in-1 Snug 'n Secure Swing safe? We score it 86/100 on materials, choking risk, recalls, and certifications. Ages 9 months–4 years.",148,Little Tikes 2-in-1 Snug 'n Secure Swing,1,11,997,118833,Brand|BreadcrumbList|ListItem|Organization|Product|Rating|Review,1,0,1,28,28,27,0,,0,,,commercial investigation,affiliate click,keep,"healthy, no ranking signal yet"
/reviews/little-tikes-3-in-1-splash-n-grow-water-table,review,200,yes,yes,/reviews/little-tikes-3-in-1-splash-n-grow-water-table,safenesttoys.com,yes,Little Tikes 3-in-1 Splash 'n Grow Water Table — Safety 83/100,62,"Is Little Tikes 3-in-1 Splash 'n Grow Water Table safe? We score it 83/100 on materials, choking risk, recalls, and certifications. Ages 18 months–6 years.",155,Little Tikes 3-in-1 Splash 'n Grow Water Table,1,10,960,116814,Brand|BreadcrumbList|ListItem|Organization|Product|Rating|Review,1,0,1,21,21,26,3,38,160,www,little tikes 3 in 1 splash n grow water table,commercial investigation,affiliate click,improve,"ranks 3 kw, best position 38"
/reviews/little-tikes-cozy-coupe,review,200,yes,yes,/reviews/little-tikes-cozy-coupe,safenesttoys.com,yes,Little Tikes Cozy Coupe Ride-On Car — Safety 84/100,51,"Is Little Tikes Cozy Coupe Ride-On Car safe? We score it 84/100 on materials, choking risk, recalls, and certifications. Ages 18 months–5 years.",144,Little Tikes Cozy Coupe Ride-On Car,1,11,958,117477,Brand|BreadcrumbList|ListItem|Organization|Product|Rating|Review,1,0,1,22,22,27,0,,0,,,commercial investigation,affiliate click,keep,"healthy, no ranking signal yet"
/reviews/little-tikes-easy-score-soccer-set,review,200,yes,yes,/reviews/little-tikes-easy-score-soccer-set,safenesttoys.com,yes,Little Tikes Easy Score Soccer Set — Safety 86/100,50,"Is Little Tikes Easy Score Soccer Set safe? We score it 86/100 on materials, choking risk, recalls, and certifications. Ages 2–6 years.",135,Little Tikes Easy Score Soccer Set,1,11,978,118225,Brand|BreadcrumbList|ListItem|Organization|Product|Rating|Review,1,0,1,18,18,27,0,,0,,,commercial investigation,affiliate click,keep,"healthy, no ranking signal yet"
/reviews/little-tikes-first-slide,review,200,yes,yes,/reviews/little-tikes-first-slide,safenesttoys.com,yes,Little Tikes First Slide — Safety 86/100 | SafeNest Toys,56,"Is Little Tikes First Slide safe? We score it 86/100 on materials, choking risk, recalls, and certifications. Ages 18 months–6 years.",133,Little Tikes First Slide,1,11,962,117637,Brand|BreadcrumbList|ListItem|Organization|Product|Rating|Review,1,0,1,24,24,28,0,,0,,,commercial investigation,affiliate click,keep,"healthy, no ranking signal yet"
/reviews/little-tikes-totsports-basketball-set,review,200,yes,yes,/reviews/little-tikes-totsports-basketball-set,safenesttoys.com,yes,Little Tikes TotSports Basketball Set — Safety 86/100,53,"Is Little Tikes TotSports Basketball Set safe? We score it 86/100 on materials, choking risk, recalls, and certifications. Ages 18 months–5 years.",146,Little Tikes TotSports Basketball Set,1,11,984,118562,Brand|BreadcrumbList|ListItem|Organization|Product|Rating|Review,1,0,1,24,24,28,0,,0,,,commercial investigation,affiliate click,keep,"healthy, no ranking signal yet"
/reviews/little-tikes-totsports-t-ball-set,review,200,yes,yes,/reviews/little-tikes-totsports-t-ball-set,safenesttoys.com,yes,Little Tikes TotSports T-Ball Set — Safety 86/100,49,"Is Little Tikes TotSports T-Ball Set safe? We score it 86/100 on materials, choking risk, recalls, and certifications. Ages 18 months–5 years.",142,Little Tikes TotSports T-Ball Set,1,11,981,118393,Brand|BreadcrumbList|ListItem|Organization|Product|Rating|Review,1,0,1,20,20,28,0,,0,,,commercial investigation,affiliate click,keep,"healthy, no ranking signal yet"
/reviews/lovevery-play-kits-0-12,review,200,yes,yes,/reviews/lovevery-play-kits-0-12,safenesttoys.com,yes,Lovevery The Play Kits (0-12 months) — Safety 95/100,52,"Is Lovevery The Play Kits (0-12 months) safe? We score it 95/100 on materials, choking risk, recalls, and certifications. Ages Birth–12 months.",143,Lovevery The Play Kits (0-12 months),1,11,1017,120044,Brand|BreadcrumbList|ListItem|Organization|Product|Rating|Review,1,0,1,27,27,28,0,,0,,,commercial investigation,affiliate click,keep,"healthy, no ranking signal yet"
/reviews/magna-tiles-clear-colors-100pc,review,200,yes,yes,/reviews/magna-tiles-clear-colors-100pc,safenesttoys.com,yes,Magna-Tiles Clear Colors 100 Piece Set — Safety 90/100,54,"Is Magna-Tiles Clear Colors 100 Piece Set safe? We score it 90/100 on materials, choking risk, recalls, and certifications. Ages 3–8 years.",139,Magna-Tiles Clear Colors 100 Piece Set,1,11,970,118630,Brand|BreadcrumbList|ListItem|Organization|Product|Rating|Review,1,0,1,17,17,29,0,,0,,,commercial investigation,affiliate click,keep,"healthy, no ranking signal yet"
/reviews/magna-tiles-stardust-15pc,review,200,yes,yes,/reviews/magna-tiles-stardust-15pc,safenesttoys.com,yes,Magna-Tiles Stardust 15-Piece Set — Safety 90/100,49,"Is Magna-Tiles Stardust 15-Piece Set safe? We score it 90/100 on materials, choking risk, recalls, and certifications. Ages 3–8 years.",134,Magna-Tiles Stardust 15-Piece Set,1,11,971,118339,Brand|BreadcrumbList|ListItem|Organization|Product|Rating|Review,1,0,1,12,12,29,0,,0,,,commercial investigation,affiliate click,keep,"healthy, no ranking signal yet"
/reviews/manhattan-toy-skwish-rattle,review,200,yes,yes,/reviews/manhattan-toy-skwish-rattle,safenesttoys.com,yes,Manhattan Toy Skwish Classic Rattle — Safety 91/100,51,"Is Manhattan Toy Skwish Classic Rattle safe? We score it 91/100 on materials, choking risk, recalls, and certifications. Ages Birth–18 months.",142,Manhattan Toy Skwish Classic Rattle,1,11,969,117368,Brand|BreadcrumbList|ListItem|Organization|Product|Rating|Review,1,0,1,24,24,26,0,,0,,,commercial investigation,affiliate click,keep,"healthy, no ranking signal yet"
/reviews/manhattan-toy-whirzle,review,200,yes,yes,/reviews/manhattan-toy-whirzle,safenesttoys.com,yes,Manhattan Toy Whirzle — Safety 89/100 | SafeNest Toys,53,"Is Manhattan Toy Whirzle safe? We score it 89/100 on materials, choking risk, recalls, and certifications. Ages 6 months–2 years.",129,Manhattan Toy Whirzle,1,10,937,115456,Brand|BreadcrumbList|ListItem|Organization|Product|Rating|Review,1,0,1,21,21,26,0,,0,,,commercial investigation,affiliate click,keep,"healthy, no ranking signal yet"
/reviews/manhattan-toy-winkel-rattle,review,200,yes,yes,/reviews/manhattan-toy-winkel-rattle,safenesttoys.com,yes,Manhattan Toy Winkel Rattle and Teether — Safety 91/100,55,"Is Manhattan Toy Winkel Rattle and Teether safe? We score it 91/100 on materials, choking risk, recalls, and certifications. Ages Birth–18 months.",146,Manhattan Toy Winkel Rattle and Teether,1,11,974,117692,Brand|BreadcrumbList|ListItem|Organization|Product|Rating|Review,1,0,1,22,22,25,0,,0,,,commercial investigation,affiliate click,keep,"healthy, no ranking signal yet"
/reviews/mega-bloks-first-builders,review,200,yes,yes,/reviews/mega-bloks-first-builders,safenesttoys.com,yes,MEGA BLOKS First Builders Big Building Bag — Safety 87/100,58,"Is MEGA BLOKS First Builders Big Building Bag safe? We score it 87/100 on materials, choking risk, recalls, and certifications. Ages 1–5 years.",143,MEGA BLOKS First Builders Big Building Bag,1,11,972,117497,Brand|BreadcrumbList|ListItem|Organization|Product|Rating|Review,1,0,1,27,27,27,0,,0,,,commercial investigation,affiliate click,keep,"healthy, no ranking signal yet"
/reviews/mega-bloks-first-builders-big-bag-of-blocks,review,200,yes,yes,/reviews/mega-bloks-first-builders-big-bag-of-blocks,safenesttoys.com,yes,MEGA BLOKS First Builders Big Bag of Blocks — Safety 89/100,59,"Is MEGA BLOKS First Builders Big Bag of Blocks safe? We score it 89/100 on materials, choking risk, recalls, and certifications. Ages 1–5 years.",144,MEGA BLOKS First Builders Big Bag of Blocks,1,10,978,116972,Brand|BreadcrumbList|ListItem|Organization|Product|Rating|Review,1,0,1,24,24,26,1,35,50,apex,mega bloks first builders big building bag reviews,commercial investigation,affiliate click,improve,"ranks 1 kw, best position 35"
/reviews/melissa-and-doug-blockables-farm-friends,review,200,yes,yes,/reviews/melissa-and-doug-blockables-farm-friends,safenesttoys.com,yes,Melissa & Doug Blockables Farm Friends — Safety 88/100,54,"Is Melissa & Doug Blockables Farm Friends safe? We score it 88/100 on materials, choking risk, recalls, and certifications. Ages 2–5 years.",139,Melissa & Doug Blockables Farm Friends,1,10,963,117568,Brand|BreadcrumbList|ListItem|Organization|Product|Rating|Review,1,0,1,22,22,27,0,,0,,,commercial investigation,affiliate click,keep,"healthy, no ranking signal yet"
/reviews/melissa-and-doug-classic-bead-maze,review,200,yes,yes,/reviews/melissa-and-doug-classic-bead-maze,safenesttoys.com,yes,Melissa & Doug Classic Bead Maze — Safety 90/100,48,"Is Melissa & Doug Classic Bead Maze safe? We score it 90/100 on materials, choking risk, recalls, and certifications. Ages 1–4 years.",133,Melissa & Doug Classic Bead Maze,1,10,962,117005,Brand|BreadcrumbList|ListItem|Organization|Product|Rating|Review,1,0,1,28,28,28,0,,0,,,commercial investigation,affiliate click,keep,"healthy, no ranking signal yet"
/reviews/melissa-and-doug-counting-shape-stacker,review,200,yes,yes,/reviews/melissa-and-doug-counting-shape-stacker,safenesttoys.com,yes,Melissa & Doug Counting Shape Stacker — Safety 85/100,53,"Is Melissa & Doug Counting Shape Stacker safe? We score it 85/100 on materials, choking risk, recalls, and certifications. Ages 3–6 years.",138,Melissa & Doug Counting Shape Stacker,1,10,969,117073,Brand|BreadcrumbList|ListItem|Organization|Product|Rating|Review,1,0,1,12,12,27,0,,0,,,commercial investigation,affiliate click,keep,"healthy, no ranking signal yet"
/reviews/melissa-and-doug-deluxe-pound-and-roll-wooden-tower-toy-with-hammer,review,200,yes,yes,/reviews/melissa-and-doug-deluxe-pound-and-roll-wooden-tower-toy-with-hammer,safenesttoys.com,yes,Melissa & Doug Deluxe Pound and Roll Wooden Tower Toy with Hammer — Safety 88/100,81,"Is Melissa & Doug Deluxe Pound and Roll Wooden Tower Toy with Hammer safe? We score it 88/100 on materials, choking risk, recalls, and certifications. Ages 2–4 years.",166,Melissa & Doug Deluxe Pound and Roll Wooden Tower Toy with Hammer,1,10,987,118101,Brand|BreadcrumbList|ListItem|Organization|Product|Rating|Review,1,0,1,21,21,27,0,,0,,,commercial investigation,affiliate click,keep,"healthy, no ranking signal yet"
/reviews/melissa-and-doug-deluxe-pounding-bench-wooden-toy-with-mallet,review,200,yes,yes,/reviews/melissa-and-doug-deluxe-pounding-bench-wooden-toy-with-mallet,safenesttoys.com,yes,Melissa & Doug Deluxe Pounding Bench Wooden Toy with Mallet — Safety 89/100,75,"Is Melissa & Doug Deluxe Pounding Bench Wooden Toy with Mallet safe? We score it 89/100 on materials, choking risk, recalls, and certifications. Ages 2–4 years.",160,Melissa & Doug Deluxe Pounding Bench Wooden Toy with Mallet,1,10,972,117961,Brand|BreadcrumbList|ListItem|Organization|Product|Rating|Review,1,0,1,17,17,27,0,,0,,,commercial investigation,affiliate click,keep,"healthy, no ranking signal yet"
/reviews/melissa-and-doug-farm-wooden-chunky-puzzle-8pc,review,200,yes,yes,/reviews/melissa-and-doug-farm-wooden-chunky-puzzle-8pc,safenesttoys.com,yes,Melissa & Doug Farm Wooden Chunky Puzzle (8pc) — Safety 88/100,62,"Is Melissa & Doug Farm Wooden Chunky Puzzle (8pc) safe? We score it 88/100 on materials, choking risk, recalls, and certifications. Ages 2–4 years.",147,Melissa & Doug Farm Wooden Chunky Puzzle (8pc),1,10,963,117549,Brand|BreadcrumbList|ListItem|Organization|Product|Rating|Review,1,0,1,16,16,27,0,,0,,,commercial investigation,affiliate click,keep,"healthy, no ranking signal yet"
/reviews/melissa-and-doug-first-bead-maze,review,200,yes,yes,/reviews/melissa-and-doug-first-bead-maze,safenesttoys.com,yes,Melissa & Doug First Bead Maze — Safety 91/100,46,"Is Melissa & Doug First Bead Maze safe? We score it 91/100 on materials, choking risk, recalls, and certifications. Ages 1–3 years.",131,Melissa & Doug First Bead Maze,1,10,960,117118,Brand|BreadcrumbList|ListItem|Organization|Product|Rating|Review,1,0,1,23,23,28,0,,0,,,commercial investigation,affiliate click,keep,"healthy, no ranking signal yet"
/reviews/melissa-and-doug-first-play-activity-barn,review,200,yes,yes,/reviews/melissa-and-doug-first-play-activity-barn,safenesttoys.com,yes,Melissa & Doug First Play Activity Barn — Safety 88/100,55,"Is Melissa & Doug First Play Activity Barn safe? We score it 88/100 on materials, choking risk, recalls, and certifications. Ages 1–3 years.",140,Melissa & Doug First Play Activity Barn,1,10,977,117982,Brand|BreadcrumbList|ListItem|Organization|Product|Rating|Review,1,0,1,23,23,28,0,,0,,,commercial investigation,affiliate click,keep,"healthy, no ranking signal yet"
/reviews/melissa-and-doug-go-tots-wooden-barnyard-tumble-with-4-disks,review,200,yes,yes,/reviews/melissa-and-doug-go-tots-wooden-barnyard-tumble-with-4-disks,safenesttoys.com,yes,Melissa & Doug GO Tots Wooden Barnyard Tumble with 4 Disks — Safety 87/100,74,"Is Melissa & Doug GO Tots Wooden Barnyard Tumble with 4 Disks safe? We score it 87/100 on materials, choking risk, recalls, and certifications. Ages 1–3 years.",159,Melissa & Doug GO Tots Wooden Barnyard Tumble with 4 Disks,1,10,979,118014,Brand|BreadcrumbList|ListItem|Organization|Product|Rating|Review,1,0,1,25,25,27,0,,0,,,commercial investigation,affiliate click,keep,"healthy, no ranking signal yet"
/reviews/melissa-and-doug-jumbo-numbers-wooden-chunky-puzzle-20pc,review,200,yes,yes,/reviews/melissa-and-doug-jumbo-numbers-wooden-chunky-puzzle-20pc,safenesttoys.com,yes,Melissa & Doug Jumbo Numbers Wooden Chunky Puzzle (20pc) — Safety 88/100,72,"Is Melissa & Doug Jumbo Numbers Wooden Chunky Puzzle (20pc) safe? We score it 88/100 on materials, choking risk, recalls, and certifications. Ages 2–5 years.",157,Melissa & Doug Jumbo Numbers Wooden Chunky Puzzle (20pc),1,10,972,117962,Brand|BreadcrumbList|ListItem|Organization|Product|Rating|Review,1,0,1,20,20,27,0,,0,,,commercial investigation,affiliate click,keep,"healthy, no ranking signal yet"
/reviews/melissa-and-doug-ks-kids-fish-and-count-learning-game,review,200,yes,yes,/reviews/melissa-and-doug-ks-kids-fish-and-count-learning-game,safenesttoys.com,yes,Melissa & Doug K's Kids Fish & Count Learning Game — Safety 86/100,66,"Is Melissa & Doug K's Kids Fish & Count Learning Game safe? We score it 86/100 on materials, choking risk, recalls, and certifications. Ages 2–6 years.",151,Melissa & Doug K's Kids Fish & Count Learning Game,1,10,972,117241,Brand|BreadcrumbList|ListItem|Organization|Product|Rating|Review,1,0,1,17,17,26,0,,0,,,commercial investigation,affiliate click,keep,"healthy, no ranking signal yet"
/reviews/melissa-and-doug-magnetic-wooden-puzzle-game-set,review,200,yes,yes,/reviews/melissa-and-doug-magnetic-wooden-puzzle-game-set,safenesttoys.com,yes,Melissa & Doug Magnetic Wooden Puzzle Game Set — Safety 86/100,62,"Is Melissa & Doug Magnetic Wooden Puzzle Game Set safe? We score it 86/100 on materials, choking risk, recalls, and certifications. Ages 3–6 years.",147,Melissa & Doug Magnetic Wooden Puzzle Game Set,1,10,967,117153,Brand|BreadcrumbList|ListItem|Organization|Product|Rating|Review,1,0,1,13,13,27,0,,0,,,commercial investigation,affiliate click,keep,"healthy, no ranking signal yet"
/reviews/melissa-and-doug-multi-sensory-pineapple-soft-stacker-infant-toy,review,200,yes,yes,/reviews/melissa-and-doug-multi-sensory-pineapple-soft-stacker-infant-toy,safenesttoys.com,yes,Melissa & Doug Multi-Sensory Pineapple Soft Stacker Infant Toy — Safety 91/100,78,"Is Melissa & Doug Multi-Sensory Pineapple Soft Stacker Infant Toy safe? We score it 91/100 on materials, choking risk, recalls, and certifications. Ages 6 months–2 years.",170,Melissa & Doug Multi-Sensory Pineapple Soft Stacker Infant Toy,1,10,973,117706,Brand|BreadcrumbList|ListItem|Organization|Product|Rating|Review,1,0,1,22,22,26,0,,0,,,commercial investigation,affiliate click,keep,"healthy, no ranking signal yet"
/reviews/melissa-and-doug-my-first-daily-magnetic-calendar,review,200,yes,yes,/reviews/melissa-and-doug-my-first-daily-magnetic-calendar,safenesttoys.com,yes,Melissa & Doug My First Daily Magnetic Calendar — Safety 72/100,63,"Is Melissa & Doug My First Daily Magnetic Calendar safe? We score it 72/100 on materials, choking risk, recalls, and certifications. Ages 3–7 years.",148,Melissa & Doug My First Daily Magnetic Calendar,1,9,1067,117937,Brand|BreadcrumbList|ListItem|Organization|Product|Rating|Review,1,0,1,12,12,26,0,,0,,,commercial investigation,affiliate click,keep,"healthy, no ranking signal yet"
/reviews/melissa-and-doug-self-correcting-alphabet-wooden-puzzles-with-storage-box-52pc,review,200,yes,yes,/reviews/melissa-and-doug-self-correcting-alphabet-wooden-puzzles-with-storage-box-52pc,safenesttoys.com,yes,Melissa & Doug Self-Correcting Alphabet Wooden Puzzles with Storage Box (52pc) — Safety 84/100,94,"Is Melissa & Doug Self-Correcting Alphabet Wooden Puzzles with Storage Box (52pc) safe? We score it 84/100 on materials, choking risk, recalls, and certifications. Ages 3–6 years.",179,Melissa & Doug Self-Correcting Alphabet Wooden Puzzles with Storage Box (52pc),1,10,985,119152,Brand|BreadcrumbList|ListItem|Organization|Product|Rating|Review,1,0,1,13,13,27,0,,0,,,commercial investigation,affiliate click,keep,"healthy, no ranking signal yet"
/reviews/melissa-and-doug-shape-sorting-clock,review,200,yes,yes,/reviews/melissa-and-doug-shape-sorting-clock,safenesttoys.com,yes,Melissa & Doug Shape Sorting Clock — Safety 87/100,50,"Is Melissa & Doug Shape Sorting Clock safe? We score it 87/100 on materials, choking risk, recalls, and certifications. Ages 2–5 years.",135,Melissa & Doug Shape Sorting Clock,1,10,967,117029,Brand|BreadcrumbList|ListItem|Organization|Product|Rating|Review,1,0,1,21,21,27,0,,0,,,commercial investigation,affiliate click,keep,"healthy, no ranking signal yet"
/reviews/melissa-and-doug-shape-sorting-wooden-dump-truck,review,200,yes,yes,/reviews/melissa-and-doug-shape-sorting-wooden-dump-truck,safenesttoys.com,yes,Melissa & Doug Shape-Sorting Wooden Dump Truck — Safety 88/100,62,"Is Melissa & Doug Shape-Sorting Wooden Dump Truck safe? We score it 88/100 on materials, choking risk, recalls, and certifications. Ages 2–4 years.",147,Melissa & Doug Shape-Sorting Wooden Dump Truck,1,10,968,117428,Brand|BreadcrumbList|ListItem|Organization|Product|Rating|Review,1,0,1,19,19,27,0,,0,,,commercial investigation,affiliate click,keep,"healthy, no ranking signal yet"
/reviews/melissa-and-doug-stacking-train-18-piece,review,200,yes,yes,/reviews/melissa-and-doug-stacking-train-18-piece,safenesttoys.com,yes,Melissa & Doug Stacking Train 18-Piece — Safety 88/100,54,"Is Melissa & Doug Stacking Train 18-Piece safe? We score it 88/100 on materials, choking risk, recalls, and certifications. Ages 2–5 years.",139,Melissa & Doug Stacking Train 18-Piece,1,10,957,116951,Brand|BreadcrumbList|ListItem|Organization|Product|Rating|Review,1,0,1,20,20,27,0,,0,,,commercial investigation,affiliate click,keep,"healthy, no ranking signal yet"
/reviews/melissa-and-doug-standard-unit-solid-wood-building-blocks,review,200,yes,yes,/reviews/melissa-and-doug-standard-unit-solid-wood-building-blocks,safenesttoys.com,yes,Melissa & Doug Standard Unit Solid-Wood Building Blocks — Safety 88/100,71,"Is Melissa & Doug Standard Unit Solid-Wood Building Blocks safe? We score it 88/100 on materials, choking risk, recalls, and certifications. Ages 3–8 years.",156,Melissa & Doug Standard Unit Solid-Wood Building Blocks,1,10,960,117342,Brand|BreadcrumbList|ListItem|Organization|Product|Rating|Review,1,0,1,13,13,25,0,,0,,,commercial investigation,affiliate click,keep,"healthy, no ranking signal yet"
/reviews/melissa-and-doug-sunny-patch-spark-shark-fish-hunt-pool-game,review,200,yes,yes,/reviews/melissa-and-doug-sunny-patch-spark-shark-fish-hunt-pool-game,safenesttoys.com,yes,Melissa & Doug Sunny Patch Spark Shark Fish Hunt Pool Game — Safety 86/100,74,"Is Melissa & Doug Sunny Patch Spark Shark Fish Hunt Pool Game safe? We score it 86/100 on materials, choking risk, recalls, and certifications. Ages 3–6 years.",159,Melissa & Doug Sunny Patch Spark Shark Fish Hunt Pool Game,1,10,982,117394,Brand|BreadcrumbList|ListItem|Organization|Product|Rating|Review,1,0,1,13,13,26,0,,0,,,commercial investigation,affiliate click,keep,"healthy, no ranking signal yet"
/reviews/melissa-and-doug-turn-and-tell-wooden-clock,review,200,yes,yes,/reviews/melissa-and-doug-turn-and-tell-wooden-clock,safenesttoys.com,yes,Melissa & Doug Turn & Tell Wooden Clock — Safety 77/100,55,"Is Melissa & Doug Turn & Tell Wooden Clock safe? We score it 77/100 on materials, choking risk, recalls, and certifications. Ages 3–8 years.",140,Melissa & Doug Turn & Tell Wooden Clock,1,9,1037,116898,Brand|BreadcrumbList|ListItem|Organization|Product|Rating|Review,1,0,1,14,14,27,0,,0,,,commercial investigation,affiliate click,keep,"healthy, no ranking signal yet"
/reviews/melissa-and-doug-underwater-ocean-floor-puzzle,review,200,yes,yes,/reviews/melissa-and-doug-underwater-ocean-floor-puzzle,safenesttoys.com,yes,Melissa & Doug Underwater Ocean Floor Puzzle — Safety 88/100,60,"Is Melissa & Doug Underwater Ocean Floor Puzzle safe? We score it 88/100 on materials, choking risk, recalls, and certifications. Ages 3–6 years.",145,Melissa & Doug Underwater Ocean Floor Puzzle,1,10,954,116292,Brand|BreadcrumbList|ListItem|Organization|Product|Rating|Review,1,0,1,10,10,25,0,,0,,,commercial investigation,affiliate click,keep,"healthy, no ranking signal yet"
/reviews/melissa-and-doug-wooden-construction-building-set-in-a-box,review,200,yes,yes,/reviews/melissa-and-doug-wooden-construction-building-set-in-a-box,safenesttoys.com,yes,Melissa & Doug Wooden Construction Building Set in a Box — Safety 87/100,72,"Is Melissa & Doug Wooden Construction Building Set in a Box safe? We score it 87/100 on materials, choking risk, recalls, and certifications. Ages 3–6 years.",157,Melissa & Doug Wooden Construction Building Set in a Box,1,10,975,117904,Brand|BreadcrumbList|ListItem|Organization|Product|Rating|Review,1,0,1,12,12,27,0,,0,,,commercial investigation,affiliate click,keep,"healthy, no ranking signal yet"
/reviews/melissa-and-doug-wooden-jumbo-stacking-train,review,200,yes,yes,/reviews/melissa-and-doug-wooden-jumbo-stacking-train,safenesttoys.com,yes,Melissa & Doug Wooden Jumbo Stacking Train — Safety 88/100,58,"Is Melissa & Doug Wooden Jumbo Stacking Train safe? We score it 88/100 on materials, choking risk, recalls, and certifications. Ages 2–5 years.",143,Melissa & Doug Wooden Jumbo Stacking Train,1,10,967,117282,Brand|BreadcrumbList|ListItem|Organization|Product|Rating|Review,1,0,1,16,16,27,0,,0,,,commercial investigation,affiliate click,keep,"healthy, no ranking signal yet"
/reviews/melissa-and-doug-wooden-shape-sorting-grocery-cart,review,200,yes,yes,/reviews/melissa-and-doug-wooden-shape-sorting-grocery-cart,safenesttoys.com,yes,Melissa & Doug Wooden Shape-Sorting Grocery Cart — Safety 88/100,64,"Is Melissa & Doug Wooden Shape-Sorting Grocery Cart safe? We score it 88/100 on materials, choking risk, recalls, and certifications. Ages 18 months–4 years.",157,Melissa & Doug Wooden Shape-Sorting Grocery Cart,1,10,968,117600,Brand|BreadcrumbList|ListItem|Organization|Product|Rating|Review,1,0,1,18,18,27,0,,0,,,commercial investigation,affiliate click,keep,"healthy, no ranking signal yet"
/reviews/melissa-doug-bead-sequencing-set,review,200,yes,yes,/reviews/melissa-doug-bead-sequencing-set,safenesttoys.com,yes,Melissa & Doug Bead Sequencing Set — Safety 85/100,50,"Is Melissa & Doug Bead Sequencing Set safe? We score it 85/100 on materials, choking risk, recalls, and certifications. Ages 4–8 years.",135,Melissa & Doug Bead Sequencing Set,1,11,992,118840,Brand|BreadcrumbList|ListItem|Organization|Product|Rating|Review,1,0,1,9,9,28,0,,0,,,commercial investigation,affiliate click,keep,"healthy, no ranking signal yet"
/reviews/melissa-doug-deluxe-jumbo-knob-puzzle-geometric-shapes,review,200,yes,yes,/reviews/melissa-doug-deluxe-jumbo-knob-puzzle-geometric-shapes,safenesttoys.com,yes,Melissa & Doug Deluxe Jumbo Knob Wooden Puzzle - Geometric Shapes — Safety 89/100,81,"Is Melissa & Doug Deluxe Jumbo Knob Wooden Puzzle - Geometric Shapes safe? We score it 89/100 on materials, choking risk, recalls, and certifications. Ages 1–3 years.",166,Melissa & Doug Deluxe Jumbo Knob Wooden Puzzle - Geometric Shapes,1,11,1028,120356,Brand|BreadcrumbList|ListItem|Organization|Product|Rating|Review,1,0,1,18,18,27,0,,0,,,commercial investigation,affiliate click,keep,"healthy, no ranking signal yet"
/reviews/melissa-doug-latches-board,review,200,yes,yes,/reviews/melissa-doug-latches-board,safenesttoys.com,yes,Melissa & Doug Latches Board — Safety 83/100 | SafeNest Toys,60,"Is Melissa & Doug Latches Board safe? We score it 83/100 on materials, choking risk, recalls, and certifications. Ages 3–6 years.",129,Melissa & Doug Latches Board,1,11,986,118376,Brand|BreadcrumbList|ListItem|Organization|Product|Rating|Review,1,0,1,12,12,28,0,,0,,,commercial investigation,affiliate click,keep,"healthy, no ranking signal yet"
/reviews/melissa-doug-pattern-blocks-and-boards,review,200,yes,yes,/reviews/melissa-doug-pattern-blocks-and-boards,safenesttoys.com,yes,Melissa & Doug Pattern Blocks and Boards — Safety 86/100,56,"Is Melissa & Doug Pattern Blocks and Boards safe? We score it 86/100 on materials, choking risk, recalls, and certifications. Ages 3–6 years.",141,Melissa & Doug Pattern Blocks and Boards,1,11,984,118847,Brand|BreadcrumbList|ListItem|Organization|Product|Rating|Review,1,0,1,13,13,28,0,,0,,,commercial investigation,affiliate click,keep,"healthy, no ranking signal yet"
/reviews/melissa-doug-primary-lacing-beads,review,200,yes,yes,/reviews/melissa-doug-primary-lacing-beads,safenesttoys.com,yes,Melissa & Doug Primary Lacing Beads — Safety 85/100,51,"Is Melissa & Doug Primary Lacing Beads safe? We score it 85/100 on materials, choking risk, recalls, and certifications. Ages 3–6 years.",136,Melissa & Doug Primary Lacing Beads,1,11,1001,118936,Brand|BreadcrumbList|ListItem|Organization|Product|Rating|Review,1,0,1,12,12,28,0,,0,,,commercial investigation,affiliate click,keep,"healthy, no ranking signal yet"
/reviews/melissa-doug-shape-sorting-cube,review,200,yes,yes,/reviews/melissa-doug-shape-sorting-cube,safenesttoys.com,yes,Melissa & Doug Shape Sorting Cube — Safety 88/100,49,"Is Melissa & Doug Shape Sorting Cube safe? We score it 88/100 on materials, choking risk, recalls, and certifications. Ages 2–5 years.",134,Melissa & Doug Shape Sorting Cube,1,11,979,118645,Brand|BreadcrumbList|ListItem|Organization|Product|Rating|Review,1,0,1,17,17,28,0,,0,,,commercial investigation,affiliate click,keep,"healthy, no ranking signal yet"
/reviews/melissa-doug-wooden-blocks,review,200,yes,yes,/reviews/melissa-doug-wooden-blocks,safenesttoys.com,yes,Melissa & Doug Wooden Building Blocks Set — Safety 90/100,57,"Is Melissa & Doug Wooden Building Blocks Set safe? We score it 90/100 on materials, choking risk, recalls, and certifications. Ages 1–4 years.",142,Melissa & Doug Wooden Building Blocks Set,1,11,982,118085,Brand|BreadcrumbList|ListItem|Organization|Product|Rating|Review,1,0,1,19,19,27,0,,0,,,commercial investigation,affiliate click,keep,"healthy, no ranking signal yet"
/reviews/munchkin-bath-bobbers,review,200,yes,yes,/reviews/munchkin-bath-bobbers,safenesttoys.com,yes,Munchkin Bath Bobbers — Safety 89/100 | SafeNest Toys,53,"Is Munchkin Bath Bobbers safe? We score it 89/100 on materials, choking risk, recalls, and certifications. Ages 6 months–3 years.",129,Munchkin Bath Bobbers,1,11,1012,118476,Brand|BreadcrumbList|ListItem|Organization|Product|Rating|Review,1,0,1,25,25,26,0,,0,,,commercial investigation,affiliate click,keep,"healthy, no ranking signal yet"
/reviews/nuby-icybite-teething-keys,review,200,yes,yes,/reviews/nuby-icybite-teething-keys,safenesttoys.com,yes,Nuby IcyBite Teething Keys — Safety 87/100 | SafeNest Toys,58,"Is Nuby IcyBite Teething Keys safe? We score it 87/100 on materials, choking risk, recalls, and certifications. Ages 3–18 months.",129,Nuby IcyBite Teething Keys,1,11,981,117920,Brand|BreadcrumbList|ListItem|Organization|Product|Rating|Review,1,0,1,20,20,27,0,,0,,,commercial investigation,affiliate click,keep,"healthy, no ranking signal yet"
/reviews/oball-classic-ball,review,200,yes,yes,/reviews/oball-classic-ball,safenesttoys.com,yes,Oball Classic Ball — Safety 93/100 | SafeNest Toys,50,"Is Oball Classic Ball safe? We score it 93/100 on materials, choking risk, recalls, and certifications. Ages Birth–24 months.",125,Oball Classic Ball,1,11,967,118244,Brand|BreadcrumbList|ListItem|Organization|Product|Rating|Review,1,0,1,29,29,28,0,,0,,,commercial investigation,affiliate click,keep,"healthy, no ranking signal yet"
/reviews/picassotiles-100-piece-magnetic-tiles,review,200,yes,yes,/reviews/picassotiles-100-piece-magnetic-tiles,safenesttoys.com,yes,PicassoTiles 100 Piece Magnetic Building Tiles Set with Carry Case — Safety 88/100,82,"Is PicassoTiles 100 Piece Magnetic Building Tiles Set with Carry Case safe? We score it 88/100 on materials, choking risk, recalls, and certifications. Ages 3–12 years.",168,PicassoTiles 100 Piece Magnetic Building Tiles Set with Carry Case,1,11,1015,120303,Brand|BreadcrumbList|ListItem|Organization|Product|Rating|Review,1,0,1,17,17,29,0,,0,,,commercial investigation,affiliate click,keep,"healthy, no ranking signal yet"
/reviews/picassotiles-100-piece-race-track,review,200,yes,yes,/reviews/picassotiles-100-piece-race-track,safenesttoys.com,yes,PicassoTiles 100 Piece Magnetic Race Track Set — Safety 87/100,62,"Is PicassoTiles 100 Piece Magnetic Race Track Set safe? We score it 87/100 on materials, choking risk, recalls, and certifications. Ages 3–12 years.",148,PicassoTiles 100 Piece Magnetic Race Track Set,1,11,1012,119872,Brand|BreadcrumbList|ListItem|Organization|Product|Rating|Review,1,0,1,17,17,29,0,,0,,,commercial investigation,affiliate click,keep,"healthy, no ranking signal yet"
/reviews/piccalio-pikler-triangle,review,200,yes,yes,/reviews/piccalio-pikler-triangle,safenesttoys.com,yes,Piccalio Pikler Triangle Climbing Frame — Safety 92/100,55,"Is Piccalio Pikler Triangle Climbing Frame safe? We score it 92/100 on materials, choking risk, recalls, and certifications. Ages 10 months–6 years.",148,Piccalio Pikler Triangle Climbing Frame,1,11,984,118156,Brand|BreadcrumbList|ListItem|Organization|Product|Rating|Review,1,0,1,20,20,26,0,,0,,,commercial investigation,affiliate click,keep,"healthy, no ranking signal yet"
/reviews/plantoys-my-first-camera,review,200,yes,yes,/reviews/plantoys-my-first-camera,safenesttoys.com,yes,PlanToys My First Camera — Safety 94/100 | SafeNest Toys,56,"Is PlanToys My First Camera safe? We score it 94/100 on materials, choking risk, recalls, and certifications. Ages 18 months–4 years.",133,PlanToys My First Camera,1,11,974,117504,Brand|BreadcrumbList|ListItem|Organization|Product|Rating|Review,1,0,1,22,22,26,0,,0,,,commercial investigation,affiliate click,keep,"healthy, no ranking signal yet"
/reviews/plantoys-stacking-ring,review,200,yes,yes,/reviews/plantoys-stacking-ring,safenesttoys.com,yes,PlanToys Stacking Ring — Safety 94/100 | SafeNest Toys,54,"Is PlanToys Stacking Ring safe? We score it 94/100 on materials, choking risk, recalls, and certifications. Ages 1–3 years.",123,PlanToys Stacking Ring,1,11,973,117624,Brand|BreadcrumbList|ListItem|Organization|Product|Rating|Review,1,0,1,23,23,26,0,,0,,,commercial investigation,affiliate click,keep,"healthy, no ranking signal yet"
/reviews/play-doh-starter-set,review,200,yes,yes,/reviews/play-doh-starter-set,safenesttoys.com,yes,Play-Doh Starter Set — Safety 83/100 | SafeNest Toys,52,"Is Play-Doh Starter Set safe? We score it 83/100 on materials, choking risk, recalls, and certifications. Ages 2–6 years.",121,Play-Doh Starter Set,1,11,954,117277,Brand|BreadcrumbList|ListItem|Organization|Product|Rating|Review,1,0,1,13,13,26,0,,0,,,commercial investigation,affiliate click,keep,"healthy, no ranking signal yet"
/reviews/radio-flyer-4-in-1-stroll-n-trike,review,200,yes,yes,/reviews/radio-flyer-4-in-1-stroll-n-trike,safenesttoys.com,yes,Radio Flyer 4-in-1 Stroll 'N Trike — Safety 86/100,50,"Is Radio Flyer 4-in-1 Stroll 'N Trike safe? We score it 86/100 on materials, choking risk, recalls, and certifications. Ages 1–5 years.",135,Radio Flyer 4-in-1 Stroll 'N Trike,1,11,1002,118468,Brand|BreadcrumbList|ListItem|Organization|Product|Rating|Review,1,0,1,21,21,27,0,,0,,,commercial investigation,affiliate click,keep,"healthy, no ranking signal yet"
/reviews/radio-flyer-busy-buggy-ride-on,review,200,yes,yes,/reviews/radio-flyer-busy-buggy-ride-on,safenesttoys.com,yes,Radio Flyer Busy Buggy Ride-On — Safety 85/100,46,"Is Radio Flyer Busy Buggy Ride-On safe? We score it 85/100 on materials, choking risk, recalls, and certifications. Ages 1–3 years.",131,Radio Flyer Busy Buggy Ride-On,1,10,943,115999,Brand|BreadcrumbList|ListItem|Organization|Product|Rating|Review,1,0,1,17,17,26,0,,0,,,commercial investigation,affiliate click,keep,"healthy, no ranking signal yet"
/reviews/radio-flyer-classic-red-wagon,review,200,yes,yes,/reviews/radio-flyer-classic-red-wagon,safenesttoys.com,yes,Radio Flyer Classic Red Wagon — Safety 85/100,45,"Is Radio Flyer Classic Red Wagon safe? We score it 85/100 on materials, choking risk, recalls, and certifications. Ages 18 months–8 years.",138,Radio Flyer Classic Red Wagon,1,11,971,117303,Brand|BreadcrumbList|ListItem|Organization|Product|Rating|Review,1,0,1,17,17,26,0,,0,,,commercial investigation,affiliate click,keep,"healthy, no ranking signal yet"
/reviews/radio-flyer-scoot-2-scooter,review,200,yes,yes,/reviews/radio-flyer-scoot-2-scooter,safenesttoys.com,yes,Radio Flyer Scoot 2 Scooter — Safety 85/100 | SafeNest Toys,59,"Is Radio Flyer Scoot 2 Scooter safe? We score it 85/100 on materials, choking risk, recalls, and certifications. Ages 1–4 years.",128,Radio Flyer Scoot 2 Scooter,1,10,962,116292,Brand|BreadcrumbList|ListItem|Organization|Product|Rating|Review,1,0,1,21,21,26,0,,0,,,commercial investigation,affiliate click,keep,"healthy, no ranking signal yet"
/reviews/sassy-newborn-gift-set,review,200,yes,yes,/reviews/sassy-newborn-gift-set,safenesttoys.com,yes,Sassy Newborn Gift Set — Safety 87/100 | SafeNest Toys,54,"Is Sassy Newborn Gift Set safe? We score it 87/100 on materials, choking risk, recalls, and certifications. Ages Birth–12 months.",129,Sassy Newborn Gift Set,1,11,975,118102,Brand|BreadcrumbList|ListItem|Organization|Product|Rating|Review,1,0,1,16,16,27,0,,0,,,commercial investigation,affiliate click,keep,"healthy, no ranking signal yet"
/reviews/sassy-stacks-of-circles-ring-stacker,review,200,yes,yes,/reviews/sassy-stacks-of-circles-ring-stacker,safenesttoys.com,yes,Sassy Stacks of Circles Ring Stacker — Safety 88/100,52,"Is Sassy Stacks of Circles Ring Stacker safe? We score it 88/100 on materials, choking risk, recalls, and certifications. Ages 6 months–2 years.",144,Sassy Stacks of Circles Ring Stacker,1,11,1012,118985,Brand|BreadcrumbList|ListItem|Organization|Product|Rating|Review,1,0,1,20,20,27,0,,0,,,commercial investigation,affiliate click,keep,"healthy, no ranking signal yet"
/reviews/sassy-teethe-and-twirl-sensation-station,review,200,yes,yes,/reviews/sassy-teethe-and-twirl-sensation-station,safenesttoys.com,yes,Sassy Teethe & Twirl Sensation Station — Safety 88/100,54,"Is Sassy Teethe & Twirl Sensation Station safe? We score it 88/100 on materials, choking risk, recalls, and certifications. Ages 6 months–2 years.",146,Sassy Teethe & Twirl Sensation Station,1,11,1011,119198,Brand|BreadcrumbList|ListItem|Organization|Product|Rating|Review,1,0,1,23,23,27,0,,0,,,commercial investigation,affiliate click,keep,"healthy, no ranking signal yet"
/reviews/skip-hop-activity-gym,review,200,yes,yes,/reviews/skip-hop-activity-gym,safenesttoys.com,yes,Skip Hop Silver Lining Cloud Activity Gym — Safety 87/100,57,"Is Skip Hop Silver Lining Cloud Activity Gym safe? We score it 87/100 on materials, choking risk, recalls, and certifications. Ages Birth–12 months.",148,Skip Hop Silver Lining Cloud Activity Gym,1,11,964,117671,Brand|BreadcrumbList|ListItem|Organization|Product|Rating|Review,1,0,1,17,17,27,0,,0,,,commercial investigation,affiliate click,keep,"healthy, no ranking signal yet"
/reviews/skip-hop-bandana-buddies,review,200,yes,yes,/reviews/skip-hop-bandana-buddies,safenesttoys.com,yes,Skip Hop Bandana Buddies Activity Toy — Safety 87/100,53,"Is Skip Hop Bandana Buddies Activity Toy safe? We score it 87/100 on materials, choking risk, recalls, and certifications. Ages Birth–18 months.",144,Skip Hop Bandana Buddies Activity Toy,1,11,969,117870,Brand|BreadcrumbList|ListItem|Organization|Product|Rating|Review,1,0,1,22,22,28,0,,0,,,commercial investigation,affiliate click,keep,"healthy, no ranking signal yet"
/reviews/skip-hop-explore-and-more-roll-around-hedgehog,review,200,yes,yes,/reviews/skip-hop-explore-and-more-roll-around-hedgehog,safenesttoys.com,yes,Skip Hop Explore & More Roll-Around Hedgehog — Safety 89/100,60,"Is Skip Hop Explore & More Roll-Around Hedgehog safe? We score it 89/100 on materials, choking risk, recalls, and certifications. Ages 6 months–2 years.",152,Skip Hop Explore & More Roll-Around Hedgehog,1,10,963,116808,Brand|BreadcrumbList|ListItem|Organization|Product|Rating|Review,1,0,1,21,21,26,0,,0,,,commercial investigation,affiliate click,keep,"healthy, no ranking signal yet"
/reviews/skip-hop-farmstand-avocado-stroller-toy,review,200,yes,yes,/reviews/skip-hop-farmstand-avocado-stroller-toy,safenesttoys.com,yes,Skip Hop Farmstand Avocado Stroller Toy — Safety 89/100,55,"Is Skip Hop Farmstand Avocado Stroller Toy safe? We score it 89/100 on materials, choking risk, recalls, and certifications. Ages Birth–12 months.",146,Skip Hop Farmstand Avocado Stroller Toy,1,10,957,116848,Brand|BreadcrumbList|ListItem|Organization|Product|Rating|Review,1,0,1,20,20,27,0,,0,,,commercial investigation,affiliate click,keep,"healthy, no ranking signal yet"
/reviews/skip-hop-farmstand-beetbox-crawl-ball,review,200,yes,yes,/reviews/skip-hop-farmstand-beetbox-crawl-ball,safenesttoys.com,yes,Skip Hop Farmstand Beetbox Crawl Ball — Safety 89/100,53,"Is Skip Hop Farmstand Beetbox Crawl Ball safe? We score it 89/100 on materials, choking risk, recalls, and certifications. Ages 6–18 months.",140,Skip Hop Farmstand Beetbox Crawl Ball,1,10,965,116375,Brand|BreadcrumbList|ListItem|Organization|Product|Rating|Review,1,0,1,16,16,25,0,,0,,,commercial investigation,affiliate click,keep,"healthy, no ranking signal yet"
/reviews/skip-hop-farmstand-corn-spinner,review,200,yes,yes,/reviews/skip-hop-farmstand-corn-spinner,safenesttoys.com,yes,Skip Hop Farmstand Corn Spinner — Safety 89/100,47,"Is Skip Hop Farmstand Corn Spinner safe? We score it 89/100 on materials, choking risk, recalls, and certifications. Ages 6 months–2 years.",139,Skip Hop Farmstand Corn Spinner,1,10,956,115943,Brand|BreadcrumbList|ListItem|Organization|Product|Rating|Review,1,0,1,20,20,26,0,,0,,,commercial investigation,affiliate click,keep,"healthy, no ranking signal yet"
/reviews/skip-hop-stem-baby-bath-toys,review,200,yes,yes,/reviews/skip-hop-stem-baby-bath-toys,safenesttoys.com,yes,Skip Hop STEM Baby Bath Toys — Safety 86/100 | SafeNest Toys,60,"Is Skip Hop STEM Baby Bath Toys safe? We score it 86/100 on materials, choking risk, recalls, and certifications. Ages 1–4 years.",129,Skip Hop STEM Baby Bath Toys,1,10,966,116090,Brand|BreadcrumbList|ListItem|Organization|Product|Rating|Review,1,0,1,23,23,26,0,,0,,,commercial investigation,affiliate click,keep,"healthy, no ranking signal yet"
/reviews/skip-hop-zoo-stack-and-pour-buckets,review,200,yes,yes,/reviews/skip-hop-zoo-stack-and-pour-buckets,safenesttoys.com,yes,Skip Hop Zoo Stack & Pour Buckets — Safety 89/100,49,"Is Skip Hop Zoo Stack & Pour Buckets safe? We score it 89/100 on materials, choking risk, recalls, and certifications. Ages 9 months–3 years.",141,Skip Hop Zoo Stack & Pour Buckets,1,10,970,116129,Brand|BreadcrumbList|ListItem|Organization|Product|Rating|Review,1,0,1,26,26,26,0,,0,,,commercial investigation,affiliate click,keep,"healthy, no ranking signal yet"
/reviews/sophie-la-girafe-teether,review,200,yes,yes,/reviews/sophie-la-girafe-teether,safenesttoys.com,yes,Sophie la Girafe Teether — Safety 90/100 | SafeNest Toys,56,"Is Sophie la Girafe Teether safe? We score it 90/100 on materials, choking risk, recalls, and certifications. Ages Birth–18 months.",131,Sophie la Girafe Teether,1,11,984,117587,Brand|BreadcrumbList|ListItem|Organization|Product|Rating|Review,1,0,1,22,22,26,0,,0,,,commercial investigation,affiliate click,keep,"healthy, no ranking signal yet"
/reviews/step2-ball-buddies-adventure-center-water-table,review,200,yes,yes,/reviews/step2-ball-buddies-adventure-center-water-table,safenesttoys.com,yes,Step2 Ball Buddies Adventure Center Water Table — Safety 83/100,63,"Is Step2 Ball Buddies Adventure Center Water Table safe? We score it 83/100 on materials, choking risk, recalls, and certifications. Ages 18 months–6 years.",156,Step2 Ball Buddies Adventure Center Water Table,1,10,950,117019,Brand|BreadcrumbList|ListItem|Organization|Product|Rating|Review,1,0,1,22,22,27,0,,0,,,commercial investigation,affiliate click,keep,"healthy, no ranking signal yet"
/reviews/step2-dino-dig-sand-and-water-table,review,200,yes,yes,/reviews/step2-dino-dig-sand-and-water-table,safenesttoys.com,yes,Step2 Dino Dig Sand & Water Table — Safety 83/100,49,"Is Step2 Dino Dig Sand & Water Table safe? We score it 83/100 on materials, choking risk, recalls, and certifications. Ages 3–6 years.",134,Step2 Dino Dig Sand & Water Table,1,10,954,116531,Brand|BreadcrumbList|ListItem|Organization|Product|Rating|Review,1,0,1,14,14,27,0,,0,,,commercial investigation,affiliate click,keep,"healthy, no ranking signal yet"
/reviews/step2-naturally-playful-sandbox,review,200,yes,yes,/reviews/step2-naturally-playful-sandbox,safenesttoys.com,yes,Step2 Naturally Playful Sandbox — Safety 83/100,47,"Is Step2 Naturally Playful Sandbox safe? We score it 83/100 on materials, choking risk, recalls, and certifications. Ages 1–6 years.",132,Step2 Naturally Playful Sandbox,1,11,965,117194,Brand|BreadcrumbList|ListItem|Organization|Product|Rating|Review,1,0,1,22,22,26,0,,0,,,commercial investigation,affiliate click,keep,"healthy, no ranking signal yet"
/reviews/step2-rain-showers-splash-tub,review,200,yes,yes,/reviews/step2-rain-showers-splash-tub,safenesttoys.com,yes,Step2 Rain Showers Splash Tub — Safety 83/100,45,"Is Step2 Rain Showers Splash Tub safe? We score it 83/100 on materials, choking risk, recalls, and certifications. Ages 18 months–5 years.",138,Step2 Rain Showers Splash Tub,1,10,932,116088,Brand|BreadcrumbList|ListItem|Organization|Product|Rating|Review,1,0,1,23,23,27,0,,0,,,commercial investigation,affiliate click,keep,"healthy, no ranking signal yet"
/reviews/step2-rain-showers-water-table,review,200,yes,yes,/reviews/step2-rain-showers-water-table,safenesttoys.com,yes,Step2 Rain Showers Splash Pond Water Table — Safety 84/100,58,"Is Step2 Rain Showers Splash Pond Water Table safe? We score it 84/100 on materials, choking risk, recalls, and certifications. Ages 18 months–6 years.",151,Step2 Rain Showers Splash Pond Water Table,1,11,969,117714,Brand|BreadcrumbList|ListItem|Organization|Product|Rating|Review,1,0,1,15,15,27,0,,0,,,commercial investigation,affiliate click,keep,"healthy, no ranking signal yet"
/reviews/step2-up-and-down-roller-coaster,review,200,yes,yes,/reviews/step2-up-and-down-roller-coaster,safenesttoys.com,yes,Step2 Up & Down Roller Coaster — Safety 85/100,46,"Is Step2 Up & Down Roller Coaster safe? We score it 85/100 on materials, choking risk, recalls, and certifications. Ages 2–5 years.",131,Step2 Up & Down Roller Coaster,1,11,996,118230,Brand|BreadcrumbList|ListItem|Organization|Product|Rating|Review,1,0,1,19,19,26,0,,0,,,commercial investigation,affiliate click,keep,"healthy, no ranking signal yet"
/reviews/step2-waterpark-wonders-two-tier-water-table,review,200,yes,yes,/reviews/step2-waterpark-wonders-two-tier-water-table,safenesttoys.com,yes,Step2 Waterpark Wonders Two-Tier Water Table — Safety 83/100,60,"Is Step2 Waterpark Wonders Two-Tier Water Table safe? We score it 83/100 on materials, choking risk, recalls, and certifications. Ages 18 months–6 years.",153,Step2 Waterpark Wonders Two-Tier Water Table,1,10,963,117583,Brand|BreadcrumbList|ListItem|Organization|Product|Rating|Review,1,0,1,23,23,27,0,,0,,,commercial investigation,affiliate click,keep,"healthy, no ranking signal yet"
/reviews/tegu-14-piece-magnetic-blocks,review,200,yes,yes,/reviews/tegu-14-piece-magnetic-blocks,safenesttoys.com,yes,Tegu 14-Piece Magnetic Wooden Blocks — Safety 94/100,52,"Is Tegu 14-Piece Magnetic Wooden Blocks safe? We score it 94/100 on materials, choking risk, recalls, and certifications. Ages 1–6 years.",137,Tegu 14-Piece Magnetic Wooden Blocks,1,11,976,117994,Brand|BreadcrumbList|ListItem|Organization|Product|Rating|Review,1,0,1,27,27,26,0,,0,,,commercial investigation,affiliate click,keep,"healthy, no ranking signal yet"
/reviews/tegu-sunset-24-piece,review,200,yes,yes,/reviews/tegu-sunset-24-piece,safenesttoys.com,yes,Tegu Sunset 24-Piece Magnetic Block Set — Safety 94/100,55,"Is Tegu Sunset 24-Piece Magnetic Block Set safe? We score it 94/100 on materials, choking risk, recalls, and certifications. Ages 1–8 years.",140,Tegu Sunset 24-Piece Magnetic Block Set,1,11,982,118192,Brand|BreadcrumbList|ListItem|Organization|Product|Rating|Review,1,0,1,25,25,26,0,,0,,,commercial investigation,affiliate click,keep,"healthy, no ranking signal yet"
/reviews/vtech-kidibeats-drum-set,review,200,yes,yes,/reviews/vtech-kidibeats-drum-set,safenesttoys.com,yes,VTech KidiBeats Drum Set — Safety 86/100 | SafeNest Toys,56,"Is VTech KidiBeats Drum Set safe? We score it 86/100 on materials, choking risk, recalls, and certifications. Ages 2–5 years.",125,VTech KidiBeats Drum Set,1,11,960,117813,Brand|BreadcrumbList|ListItem|Organization|Product|Rating|Review,1,0,1,16,16,28,0,,0,,,commercial investigation,affiliate click,keep,"healthy, no ranking signal yet"
/reviews/vtech-pop-a-balls-push-and-pop-bulldozer,review,200,yes,yes,/reviews/vtech-pop-a-balls-push-and-pop-bulldozer,safenesttoys.com,yes,VTech Pop-a-Balls Push & Pop Bulldozer — Safety 86/100,54,"Is VTech Pop-a-Balls Push & Pop Bulldozer safe? We score it 86/100 on materials, choking risk, recalls, and certifications. Ages 1–3 years.",139,VTech Pop-a-Balls Push & Pop Bulldozer,1,10,957,117051,Brand|BreadcrumbList|ListItem|Organization|Product|Rating|Review,1,0,1,20,20,27,0,,0,,,commercial investigation,affiliate click,keep,"healthy, no ranking signal yet"
/reviews/vtech-race-and-learn-driver,review,200,yes,yes,/reviews/vtech-race-and-learn-driver,safenesttoys.com,yes,VTech Race & Learn Driver — Safety 86/100 | SafeNest Toys,57,"Is VTech Race & Learn Driver safe? We score it 86/100 on materials, choking risk, recalls, and certifications. Ages 2–5 years.",126,VTech Race & Learn Driver,1,10,951,116643,Brand|BreadcrumbList|ListItem|Organization|Product|Rating|Review,1,0,1,16,16,27,1,25,260,www,vtech race & learn driver product info and reviews,commercial investigation,affiliate click,improve,"ranks 1 kw, best position 25"
/reviews/vtech-sit-to-stand-walker,review,200,yes,yes,/reviews/vtech-sit-to-stand-walker,safenesttoys.com,yes,VTech Sit-to-Stand Learning Walker — Safety 85/100,50,"Is VTech Sit-to-Stand Learning Walker safe? We score it 85/100 on materials, choking risk, recalls, and certifications. Ages 9 months–3 years.",142,VTech Sit-to-Stand Learning Walker,1,11,962,118169,Brand|BreadcrumbList|ListItem|Organization|Product|Rating|Review,1,0,1,22,22,28,0,,0,,,commercial investigation,affiliate click,keep,"healthy, no ranking signal yet"
/reviews/vtech-sort-and-discover-activity-wagon,review,200,yes,yes,/reviews/vtech-sort-and-discover-activity-wagon,safenesttoys.com,yes,VTech Sort & Discover Activity Wagon — Safety 85/100,52,"Is VTech Sort & Discover Activity Wagon safe? We score it 85/100 on materials, choking risk, recalls, and certifications. Ages 1–3 years.",137,VTech Sort & Discover Activity Wagon,1,10,964,117108,Brand|BreadcrumbList|ListItem|Organization|Product|Rating|Review,1,0,1,18,18,27,0,,0,,,commercial investigation,affiliate click,keep,"healthy, no ranking signal yet"
/reviews/vtech-turn-and-learn-driver,review,200,yes,yes,/reviews/vtech-turn-and-learn-driver,safenesttoys.com,yes,VTech Turn & Learn Driver — Safety 86/100 | SafeNest Toys,57,"Is VTech Turn & Learn Driver safe? We score it 86/100 on materials, choking risk, recalls, and certifications. Ages 6 months–3 years.",133,VTech Turn & Learn Driver,1,10,954,116781,Brand|BreadcrumbList|ListItem|Organization|Product|Rating|Review,1,0,1,20,20,27,0,,0,,,commercial investigation,affiliate click,keep,"healthy, no ranking signal yet"
/safe-toys/abs-plastic,material listing,200,yes,yes,/safe-toys/abs-plastic,safenesttoys.com,yes,ABS plastic Toys: Safety Reviews | SafeNest Toys,48,"Parent-researched reviews of abs plastic toys for babies and toddlers, with SafeNest's editorial safety assessment, choking-risk notes and recall checks.",153,ABS plastic Toys: Safety Reviews,1,9,347,99475,,8,0,1,8,8,33,0,,0,,,informational,discovery -> review,keep,"healthy, no ranking signal yet"
/safe-toys/blow-molded-polyethylene,material listing,200,yes,yes,/safe-toys/blow-molded-polyethylene,safenesttoys.com,yes,Blow-molded polyethylene Toys: Safety Reviews,45,"Parent-researched reviews of blow-molded polyethylene toys for babies and toddlers, with SafeNest's editorial safety assessment, choking-risk notes and recall checks.",166,Blow-molded polyethylene Toys: Safety Reviews,1,4,263,71618,,3,0,1,3,3,28,0,,0,,,informational,discovery -> review,improve,thin: 263 words
/safe-toys/bpa-free,material listing,200,yes,yes,/safe-toys/bpa-free,safenesttoys.com,yes,BPA-free Toys: Safety Reviews | SafeNest Toys,45,"Parent-researched reviews of bpa-free toys for babies and toddlers, with SafeNest's editorial safety assessment, choking-risk notes and recall checks.",150,BPA-free Toys: Safety Reviews,1,17,450,141566,,16,0,1,16,16,41,0,,0,,,informational,discovery -> review,keep,"healthy, no ranking signal yet"
/safe-toys/bpa-free-flexible-plastic,material listing,200,yes,yes,/safe-toys/bpa-free-flexible-plastic,safenesttoys.com,yes,BPA-free flexible plastic Toys: Safety Reviews,46,"Parent-researched reviews of bpa-free flexible plastic toys for babies and toddlers, with SafeNest's editorial safety assessment, choking-risk notes and recall checks.",167,BPA-free flexible plastic Toys: Safety Reviews,1,5,293,77440,,4,0,1,4,4,29,0,,0,,,informational,discovery -> review,improve,thin: 293 words
/safe-toys/bpa-free-plastic,material listing,200,yes,yes,/safe-toys/bpa-free-plastic,safenesttoys.com,yes,BPA-free plastic Toys: Safety Reviews | SafeNest Toys,53,"Parent-researched reviews of bpa-free plastic toys for babies and toddlers, with SafeNest's editorial safety assessment, choking-risk notes and recall checks.",158,BPA-free plastic Toys: Safety Reviews,1,41,842,268720,,40,0,1,40,40,64,0,,0,,,informational,discovery -> review,keep,"healthy, no ranking signal yet"
/safe-toys/coated-metal-wire,material listing,200,yes,yes,/safe-toys/coated-metal-wire,safenesttoys.com,yes,Coated metal wire Toys: Safety Reviews | SafeNest Toys,54,"Parent-researched reviews of coated metal wire toys for babies and toddlers, with SafeNest's editorial safety assessment, choking-risk notes and recall checks.",159,Coated metal wire Toys: Safety Reviews,1,4,276,71922,,3,0,1,3,3,28,0,,0,,,informational,discovery -> review,improve,thin: 276 words
/safe-toys/crinkle-material,material listing,200,yes,yes,/safe-toys/crinkle-material,safenesttoys.com,yes,Crinkle material Toys: Safety Reviews | SafeNest Toys,53,"Parent-researched reviews of crinkle material toys for babies and toddlers, with SafeNest's editorial safety assessment, choking-risk notes and recall checks.",158,Crinkle material Toys: Safety Reviews,1,5,285,77068,,4,0,1,4,4,29,0,,0,,,informational,discovery -> review,improve,thin: 285 words
/safe-toys/electronic-components,material listing,200,yes,yes,/safe-toys/electronic-components,safenesttoys.com,yes,Electronic components Toys: Safety Reviews | SafeNest Toys,58,"Parent-researched reviews of electronic components toys for babies and toddlers, with SafeNest's editorial safety assessment, choking-risk notes and recall checks.",163,Electronic components Toys: Safety Reviews,1,12,396,114814,,11,0,1,11,11,36,0,,0,,,informational,discovery -> review,keep,"healthy, no ranking signal yet"
/safe-toys/food-grade-silicone,material listing,200,yes,yes,/safe-toys/food-grade-silicone,safenesttoys.com,yes,Food-grade silicone Toys: Safety Reviews | SafeNest Toys,56,"Parent-researched reviews of food-grade silicone toys for babies and toddlers, with SafeNest's editorial safety assessment, choking-risk notes and recall checks.",161,Food-grade silicone Toys: Safety Reviews,1,6,298,82479,,5,0,1,5,5,30,0,,0,,,informational,discovery -> review,improve,thin: 298 words
/safe-toys/non-toxic-paint,material listing,200,yes,yes,/safe-toys/non-toxic-paint,safenesttoys.com,yes,Non-toxic paint Toys: Safety Reviews | SafeNest Toys,52,"Parent-researched reviews of non-toxic paint toys for babies and toddlers, with SafeNest's editorial safety assessment, choking-risk notes and recall checks.",157,Non-toxic paint Toys: Safety Reviews,1,25,618,184633,,24,0,1,24,24,49,0,,0,,,informational,discovery -> review,keep,"healthy, no ranking signal yet"
/safe-toys/phthalate-free,material listing,200,yes,yes,/safe-toys/phthalate-free,safenesttoys.com,yes,Phthalate-free Toys: Safety Reviews | SafeNest Toys,51,"Parent-researched reviews of phthalate-free toys for babies and toddlers, with SafeNest's editorial safety assessment, choking-risk notes and recall checks.",156,Phthalate-free Toys: Safety Reviews,1,11,368,109238,,10,0,1,10,10,35,0,,0,,,informational,discovery -> review,keep,"healthy, no ranking signal yet"
/safe-toys/polyester-fabric,material listing,200,yes,yes,/safe-toys/polyester-fabric,safenesttoys.com,yes,Polyester fabric Toys: Safety Reviews | SafeNest Toys,53,"Parent-researched reviews of polyester fabric toys for babies and toddlers, with SafeNest's editorial safety assessment, choking-risk notes and recall checks.",158,Polyester fabric Toys: Safety Reviews,1,5,290,77362,,4,0,1,4,4,29,0,,0,,,informational,discovery -> review,improve,thin: 290 words
/safe-toys/pvc-free,material listing,200,yes,yes,/safe-toys/pvc-free,safenesttoys.com,yes,PVC-free Toys: Safety Reviews | SafeNest Toys,45,"Parent-researched reviews of pvc-free toys for babies and toddlers, with SafeNest's editorial safety assessment, choking-risk notes and recall checks.",150,PVC-free Toys: Safety Reviews,1,6,290,81955,,5,0,1,5,5,30,0,,0,,,informational,discovery -> review,improve,thin: 290 words
/safe-toys/sealed-magnets,material listing,200,yes,yes,/safe-toys/sealed-magnets,safenesttoys.com,yes,Sealed magnets Toys: Safety Reviews | SafeNest Toys,51,"Parent-researched reviews of sealed magnets toys for babies and toddlers, with SafeNest's editorial safety assessment, choking-risk notes and recall checks.",156,Sealed magnets Toys: Safety Reviews,1,5,282,77516,,4,0,1,4,4,29,0,,0,,,informational,discovery -> review,improve,thin: 282 words
/safe-toys/solid-wood,material listing,200,yes,yes,/safe-toys/solid-wood,safenesttoys.com,yes,Solid wood Toys: Safety Reviews | SafeNest Toys,47,"Parent-researched reviews of solid wood toys for babies and toddlers, with SafeNest's editorial safety assessment, choking-risk notes and recall checks.",152,Solid wood Toys: Safety Reviews,1,4,269,71629,,3,0,1,3,3,28,0,,0,,,informational,discovery -> review,improve,thin: 269 words
/safe-toys/sustainable-wood,material listing,200,yes,yes,/safe-toys/sustainable-wood,safenesttoys.com,yes,Sustainable wood Toys: Safety Reviews | SafeNest Toys,53,"Parent-researched reviews of sustainable wood toys for babies and toddlers, with SafeNest's editorial safety assessment, choking-risk notes and recall checks.",158,Sustainable wood Toys: Safety Reviews,1,4,266,71799,,3,0,1,3,3,27,0,,0,,,informational,discovery -> review,improve,thin: 266 words
/safe-toys/uv-resistant-plastic,material listing,200,yes,yes,/safe-toys/uv-resistant-plastic,safenesttoys.com,yes,UV-resistant plastic Toys: Safety Reviews | SafeNest Toys,57,"Parent-researched reviews of uv-resistant plastic toys for babies and toddlers, with SafeNest's editorial safety assessment, choking-risk notes and recall checks.",162,UV-resistant plastic Toys: Safety Reviews,1,5,275,77001,,4,0,1,4,4,29,0,,0,,,informational,discovery -> review,improve,thin: 275 words
/safe-toys/uv-stabilized-polyethylene,material listing,200,yes,yes,/safe-toys/uv-stabilized-polyethylene,safenesttoys.com,yes,UV-stabilized polyethylene Toys: Safety Reviews,47,"Parent-researched reviews of uv-stabilized polyethylene toys for babies and toddlers, with SafeNest's editorial safety assessment, choking-risk notes and recall checks.",168,UV-stabilized polyethylene Toys: Safety Reviews,1,5,295,77433,,4,0,1,4,4,29,0,,0,,,informational,discovery -> review,improve,thin: 295 words
/safe-toys/water-based-paint,material listing,200,yes,yes,/safe-toys/water-based-paint,safenesttoys.com,yes,Water-based paint Toys: Safety Reviews | SafeNest Toys,54,"Parent-researched reviews of water-based paint toys for babies and toddlers, with SafeNest's editorial safety assessment, choking-risk notes and recall checks.",159,Water-based paint Toys: Safety Reviews,1,12,396,114921,,11,0,1,11,11,36,0,,0,,,informational,discovery -> review,keep,"healthy, no ranking signal yet"
/safe-toys/wood,material listing,200,yes,yes,/safe-toys/wood,safenesttoys.com,yes,Wood Toys: Safety Reviews | SafeNest Toys,41,"Parent-researched reviews of wood toys for babies and toddlers, with SafeNest's editorial safety assessment, choking-risk notes and recall checks.",146,Wood Toys: Safety Reviews,1,32,709,221586,,31,0,1,31,31,56,0,,0,,,informational,discovery -> review,keep,"healthy, no ranking signal yet"
/terms,legal,200,yes,yes,/terms,safenesttoys.com,yes,Terms of Use | SafeNest Toys,28,"How to use SafeNest Toys, what our safety scores are and are not, our affiliate relationship, and how to report a correction.",125,Terms of use,1,7,705,61220,,0,0,1,231,chrome,18,0,,0,,,navigational,none,keep,"healthy, no ranking signal yet"
/transparency,methodology,200,yes,yes,/transparency,safenesttoys.com,yes,Transparency - Scoring Methodology | SafeNest Toys,50,"How SafeNest Toys computes Safety Scores and Development Scores. Full methodology, factor weights, and data sources disclosed.",126,Transparency & Methodology,1,5,1199,82149,,0,0,1,231,chrome,18,0,,0,,,informational,trust,keep,"healthy, no ranking signal yet"
